area,expertise,experience,yield_1,temp_1,conc_1,solvent_1,ligand_1,base_1,yield_2,temp_2,conc_2,solvent_2,ligand_2,base_2,yield_3,temp_3,conc_3,solvent_3,ligand_3,base_3,yield_4,temp_4,conc_4,solvent_4,ligand_4,base_4,yield_5,temp_5,conc_5,solvent_5,ligand_5,base_5,yield_6,temp_6,conc_6,solvent_6,ligand_6,base_6,yield_7,temp_7,conc_7,solvent_7,ligand_7,base_7,yield_8,temp_8,conc_8,solvent_8,ligand_8,base_8,yield_9,temp_9,conc_9,solvent_9,ligand_9,base_9,yield_10,temp_10,conc_10,solvent_10,ligand_10,base_10,yield_11,temp_11,conc_11,solvent_11,ligand_11,base_11,yield_12,temp_12,conc_12,solvent_12,ligand_12,base_12,yield_13,temp_13,conc_13,solvent_13,ligand_13,base_13,yield_14,temp_14,conc_14,solvent_14,ligand_14,base_14,yield_15,temp_15,conc_15,solvent_15,ligand_15,base_15,yield_16,temp_16,conc_16,solvent_16,ligand_16,base_16,yield_17,temp_17,conc_17,solvent_17,ligand_17,base_17,yield_18,temp_18,conc_18,solvent_18,ligand_18,base_18,yield_19,temp_19,conc_19,solvent_19,ligand_19,base_19,yield_20,temp_20,conc_20,solvent_20,ligand_20,base_20,yield_21,temp_21,conc_21,solvent_21,ligand_21,base_21,yield_22,temp_22,conc_22,solvent_22,ligand_22,base_22,yield_23,temp_23,conc_23,solvent_23,ligand_23,base_23,yield_24,temp_24,conc_24,solvent_24,ligand_24,base_24,yield_25,temp_25,conc_25,solvent_25,ligand_25,base_25,yield_26,temp_26,conc_26,solvent_26,ligand_26,base_26,yield_27,temp_27,conc_27,solvent_27,ligand_27,base_27,yield_28,temp_28,conc_28,solvent_28,ligand_28,base_28,yield_29,temp_29,conc_29,solvent_29,ligand_29,base_29,yield_30,temp_30,conc_30,solvent_30,ligand_30,base_30,yield_31,temp_31,conc_31,solvent_31,ligand_31,base_31,yield_32,temp_32,conc_32,solvent_32,ligand_32,base_32,yield_33,temp_33,conc_33,solvent_33,ligand_33,base_33,yield_34,temp_34,conc_34,solvent_34,ligand_34,base_34,yield_35,temp_35,conc_35,solvent_35,ligand_35,base_35,yield_36,temp_36,conc_36,solvent_36,ligand_36,base_36,yield_37,temp_37,conc_37,solvent_37,ligand_37,base_37,yield_38,temp_38,conc_38,solvent_38,ligand_38,base_38,yield_39,temp_39,conc_39,solvent_39,ligand_39,base_39,yield_40,temp_40,conc_40,solvent_40,ligand_40,base_40,yield_41,temp_41,conc_41,solvent_41,ligand_41,base_41,yield_42,temp_42,conc_42,solvent_42,ligand_42,base_42,yield_43,temp_43,conc_43,solvent_43,ligand_43,base_43,yield_44,temp_44,conc_44,solvent_44,ligand_44,base_44,yield_45,temp_45,conc_45,solvent_45,ligand_45,base_45,yield_46,temp_46,conc_46,solvent_46,ligand_46,base_46,yield_47,temp_47,conc_47,solvent_47,ligand_47,base_47,yield_48,temp_48,conc_48,solvent_48,ligand_48,base_48,yield_49,temp_49,conc_49,solvent_49,ligand_49,base_49,yield_50,temp_50,conc_50,solvent_50,ligand_50,base_50,yield_51,temp_51,conc_51,solvent_51,ligand_51,base_51,yield_52,temp_52,conc_52,solvent_52,ligand_52,base_52,yield_53,temp_53,conc_53,solvent_53,ligand_53,base_53,yield_54,temp_54,conc_54,solvent_54,ligand_54,base_54,yield_55,temp_55,conc_55,solvent_55,ligand_55,base_55,yield_56,temp_56,conc_56,solvent_56,ligand_56,base_56,yield_57,temp_57,conc_57,solvent_57,ligand_57,base_57,yield_58,temp_58,conc_58,solvent_58,ligand_58,base_58,yield_59,temp_59,conc_59,solvent_59,ligand_59,base_59,yield_60,temp_60,conc_60,solvent_60,ligand_60,base_60,yield_61,temp_61,conc_61,solvent_61,ligand_61,base_61,yield_62,temp_62,conc_62,solvent_62,ligand_62,base_62,yield_63,temp_63,conc_63,solvent_63,ligand_63,base_63,yield_64,temp_64,conc_64,solvent_64,ligand_64,base_64,yield_65,temp_65,conc_65,solvent_65,ligand_65,base_65,yield_66,temp_66,conc_66,solvent_66,ligand_66,base_66,yield_67,temp_67,conc_67,solvent_67,ligand_67,base_67,yield_68,temp_68,conc_68,solvent_68,ligand_68,base_68,yield_69,temp_69,conc_69,solvent_69,ligand_69,base_69,yield_70,temp_70,conc_70,solvent_70,ligand_70,base_70,yield_71,temp_71,conc_71,solvent_71,ligand_71,base_71,yield_72,temp_72,conc_72,solvent_72,ligand_72,base_72,yield_73,temp_73,conc_73,solvent_73,ligand_73,base_73,yield_74,temp_74,conc_74,solvent_74,ligand_74,base_74,yield_75,temp_75,conc_75,solvent_75,ligand_75,base_75,yield_76,temp_76,conc_76,solvent_76,ligand_76,base_76,yield_77,temp_77,conc_77,solvent_77,ligand_77,base_77,yield_78,temp_78,conc_78,solvent_78,ligand_78,base_78,yield_79,temp_79,conc_79,solvent_79,ligand_79,base_79,yield_80,temp_80,conc_80,solvent_80,ligand_80,base_80,yield_81,temp_81,conc_81,solvent_81,ligand_81,base_81,yield_82,temp_82,conc_82,solvent_82,ligand_82,base_82,yield_83,temp_83,conc_83,solvent_83,ligand_83,base_83,yield_84,temp_84,conc_84,solvent_84,ligand_84,base_84,yield_85,temp_85,conc_85,solvent_85,ligand_85,base_85,yield_86,temp_86,conc_86,solvent_86,ligand_86,base_86,yield_87,temp_87,conc_87,solvent_87,ligand_87,base_87,yield_88,temp_88,conc_88,solvent_88,ligand_88,base_88,yield_89,temp_89,conc_89,solvent_89,ligand_89,base_89,yield_90,temp_90,conc_90,solvent_90,ligand_90,base_90,yield_91,temp_91,conc_91,solvent_91,ligand_91,base_91,yield_92,temp_92,conc_92,solvent_92,ligand_92,base_92,yield_93,temp_93,conc_93,solvent_93,ligand_93,base_93,yield_94,temp_94,conc_94,solvent_94,ligand_94,base_94,yield_95,temp_95,conc_95,solvent_95,ligand_95,base_95,yield_96,temp_96,conc_96,solvent_96,ligand_96,base_96,yield_97,temp_97,conc_97,solvent_97,ligand_97,base_97,yield_98,temp_98,conc_98,solvent_98,ligand_98,base_98,yield_99,temp_99,conc_99,solvent_99,ligand_99,base_99,yield_100,temp_100,conc_100,solvent_100,ligand_100,base_100
Pharma,Process Chemist,1_5 years,5.47,105,0.1,DMAc,BrettPhos,KOAc,0.07,105,0.1,DMAc,BrettPhos,KOPiv,4.74,105,0.1,DMAc,BrettPhos,CsOAc,17.09,105,0.1,BuOAc,BrettPhos,KOAc,18.44,105,0.1,BuCN,BrettPhos,KOAc,26.64,105,0.1,BuOAc,BrettPhos,CsOAc,16.44,105,0.1,p-Xylene,BrettPhos,KOAc,0,105,0.1,BuOAc,PPhtBu2,KOAc,2.85,105,0.1,BuOAc,GorlosPhos HBF4,KOAc,0,105,0.1,BuOAc,PCy3 HBF4,KOAc,2.41,105,0.1,BuOAc,JackiePhos,CsOPiv,15.16,105,0.1,BuOAc,tBPh-CPhos,CsOPiv,59.92,105,0.1,BuOAc,X-Phos,CsOPiv,24,105,0.1,BuOAc,CgMe-PPh,CsOPiv,14.51,105,0.1,BuOAc,P(fur)3,CsOPiv,3,90,0.1,BuOAc,X-Phos,CsOPiv,52.22,120,0.1,BuOAc,X-Phos,CsOPiv,53.63,105,0.1,p-Xylene,X-Phos,CsOPiv,64.62,105,0.1,BuOAc,X-Phos,KOAc,53.49,105,0.153,BuOAc,X-Phos,KOAc,32.71,90,0.057,BuOAc,X-Phos,KOAc,68.86,90,0.057,BuOAc,X-Phos,KOPiv,0,90,0.057,BuOAc,PPhMe2,KOAc,17.54,90,0.057,BuOAc,BrettPhos,KOAc,18.72,90,0.057,BuCN,X-Phos,KOAc,61.71,90,0.057,BuOAc,X-Phos,CsOAc,72.9,90,0.057,BuCN,X-Phos,CsOAc,80.77,105,0.057,BuOAc,X-Phos,CsOAc,69.26,105,0.057,BuOAc,X-Phos,KOPiv,42.3,90,0.1,BuOAc,X-Phos,KOPiv,84.17,120,0.1,BuCN,X-Phos,CsOAc,72.21,120,0.057,BuCN,X-Phos,CsOAc,54.52,120,0.057,p-Xylene,X-Phos,CsOAc,27.8,120,0.057,BuCN,X-Phos,KOPiv,7.02,120,0.057,BuOAc,X-Phos,CsOAc,77.01,120,0.153,BuCN,X-Phos,CsOAc,0,90,0.153,BuCN,X-Phos,CsOAc,7.02,120,0.057,BuOAc,X-Phos,CsOAc,6.23,120,0.153,BuOAc,X-Phos,CsOAc,82.21,90,0.153,BuOAc,X-Phos,CsOAc,,,,,,,,,,,,,,,,,,,,,,,,,,,,,,,,,,,,,,,,,,,,,,,,,,,,,,,,,,,,,,,,,,,,,,,,,,,,,,,,,,,,,,,,,,,,,,,,,,,,,,,,,,,,,,,,,,,,,,,,,,,,,,,,,,,,,,,,,,,,,,,,,,,,,,,,,,,,,,,,,,,,,,,,,,,,,,,,,,,,,,,,,,,,,,,,,,,,,,,,,,,,,,,,,,,,,,,,,,,,,,,,,,,,,,,,,,,,,,,,,,,,,,,,,,,,,,,,,,,,,,,,,,,,,,,,,,,,,,,,,,,,,,,,,,,,,,,,,,,,,,,,,,,,,,,,,,,,,,,,,,,,,,,,,,,,,,,,,,,,,,,,,,,,,,,,,,,,,,,,
Pharma,Engineer,1_5 years,2.41,105,0.057,DMAc,BrettPhos,KOAc,0.12,105,0.057,DMAc,PPhtBu2,KOAc,0,105,0.057,BuCN,PPhtBu2,KOAc,39.86,105,0.057,BuCN,BrettPhos,CsOPiv,0.26,120,0.1,DMAc,BrettPhos,KOPiv,0,105,0.057,DMAc,BrettPhos,CsOPiv,1.85,105,0.057,DMAc,BrettPhos,CsOAc,30.21,105,0.057,DMAc,X-Phos,CsOPiv,24.03,105,0.057,DMAc,GorlosPhos HBF4,CsOPiv,49.23,105,0.057,BuOAc,BrettPhos,CsOPiv,23.53,105,0.057,p-Xylene,BrettPhos,CsOPiv,1.3,105,0.057,BuOAc,JackiePhos,CsOPiv,25.67,120,0.153,BuOAc,BrettPhos,CsOPiv,14.84,105,0.057,BuOAc,P(fur)3,CsOPiv,19.84,105,0.057,BuOAc,CgMe-PPh,CsOPiv,39.81,105,0.057,p-Xylene,X-Phos,CsOPiv,5.4,105,0.057,BuOAc,X-Phos,CsOPiv,41.69,105,0.057,BuOAc,X-Phos,KOAc,76.24,120,0.153,BuOAc,X-Phos,KOAc,33.41,105,0.057,BuOAc,GorlosPhos HBF4,CsOPiv,78.6,120,0.153,BuCN,X-Phos,KOAc,77.01,120,0.153,BuCN,X-Phos,CsOAc,25.35,90,0.153,BuOAc,X-Phos,KOAc,0,120,0.153,BuOAc,PCy3 HBF4,KOAc,71.43,120,0.153,BuCN,X-Phos,KOPiv,78.44,120,0.153,BuCN,X-Phos,CsOPiv,61.67,120,0.153,p-Xylene,X-Phos,KOAc,25.77,120,0.153,BuCN,BrettPhos,KOAc,47.3,105,0.1,BuCN,X-Phos,KOAc,43.22,120,0.057,BuCN,X-Phos,KOAc,0.74,120,0.153,BuCN,PCy3 HBF4,KOAc,12.34,120,0.153,BuCN,PPh3,KOAc,25.67,120,0.153,BuOAc,BrettPhos,CsOPiv,58.48,120,0.153,BuCN,BrettPhos,KOPiv,,,,,,,,,,,,,,,,,,,,,,,,,,,,,,,,,,,,,,,,,,,,,,,,,,,,,,,,,,,,,,,,,,,,,,,,,,,,,,,,,,,,,,,,,,,,,,,,,,,,,,,,,,,,,,,,,,,,,,,,,,,,,,,,,,,,,,,,,,,,,,,,,,,,,,,,,,,,,,,,,,,,,,,,,,,,,,,,,,,,,,,,,,,,,,,,,,,,,,,,,,,,,,,,,,,,,,,,,,,,,,,,,,,,,,,,,,,,,,,,,,,,,,,,,,,,,,,,,,,,,,,,,,,,,,,,,,,,,,,,,,,,,,,,,,,,,,,,,,,,,,,,,,,,,,,,,,,,,,,,,,,,,,,,,,,,,,,,,,,,,,,,,,,,,,,,,,,,,,,,,,,,,,,,,,,,,,,,,,,,,,,,,,,,,,,,,,,,
Pharma,Process Chemist,1_5 years,5.47,105,0.1,DMAc,BrettPhos,KOAc,75.22,105,0.1,DMAc,JackiePhos,KOAc,41.9,105,0.1,DMAc,P(fur)3,KOAc,8.23,105,0.1,DMAc,PPh2Me,KOAc,28.15,105,0.1,DMAc,PPh3,KOAc,41,105,0.1,DMAc,JackiePhos,CsOAc,50.54,105,0.1,DMAc,JackiePhos,KOPiv,0,105,0.1,DMAc,JackiePhos,CsOPiv,13.11,105,0.1,DMAc,GorlosPhos HBF4,KOAc,78.95,105,0.1,DMAc,tBPh-CPhos,KOAc,29.31,105,0.1,DMAc,tBPh-CPhos,CsOAc,57.33,105,0.153,DMAc,tBPh-CPhos,KOAc,76.59,120,0.153,DMAc,tBPh-CPhos,KOAc,6.39,105,0.1,p-Xylene,tBPh-CPhos,KOAc,6.17,105,0.1,BuCN,tBPh-CPhos,KOAc,0,105,0.1,BuOAc,tBPh-CPhos,KOAc,68.71,105,0.057,DMAc,tBPh-CPhos,KOAc,47.03,90,0.1,DMAc,tBPh-CPhos,KOAc,80.38,105,0.1,DMAc,CgMe-PPh,KOAc,65.37,105,0.1,DMAc,X-Phos,KOAc,,,,,,,,,,,,,,,,,,,,,,,,,,,,,,,,,,,,,,,,,,,,,,,,,,,,,,,,,,,,,,,,,,,,,,,,,,,,,,,,,,,,,,,,,,,,,,,,,,,,,,,,,,,,,,,,,,,,,,,,,,,,,,,,,,,,,,,,,,,,,,,,,,,,,,,,,,,,,,,,,,,,,,,,,,,,,,,,,,,,,,,,,,,,,,,,,,,,,,,,,,,,,,,,,,,,,,,,,,,,,,,,,,,,,,,,,,,,,,,,,,,,,,,,,,,,,,,,,,,,,,,,,,,,,,,,,,,,,,,,,,,,,,,,,,,,,,,,,,,,,,,,,,,,,,,,,,,,,,,,,,,,,,,,,,,,,,,,,,,,,,,,,,,,,,,,,,,,,,,,,,,,,,,,,,,,,,,,,,,,,,,,,,,,,,,,,,,,,,,,,,,,,,,,,,,,,,,,,,,,,,,,,,,,,,,,,,,,,,,,,,,,,,,,,,,,,,,,,,,,,,,,,,,,,,,,,,,,,,,,
Pharma,Engineer,1_5 years,0,105,0.1,DMAc,PPhtBu2,KOAc,7.26,105,0.1,DMAc,PCy3 HBF4,KOAc,80.38,105,0.1,DMAc,CgMe-PPh,KOAc,75.22,105,0.1,DMAc,JackiePhos,KOAc,28.15,105,0.1,DMAc,PPh3,KOAc,89.76,105,0.1,DMAc,CgMe-PPh,KOPiv,83.25,105,0.1,DMAc,CgMe-PPh,CsOAc,54.67,105,0.1,BuCN,CgMe-PPh,KOAc,41.35,105,0.1,BuOAc,CgMe-PPh,KOAc,35.6,105,0.1,p-Xylene,CgMe-PPh,KOAc,91.11,105,0.1,DMAc,CgMe-PPh,CsOPiv,84.03,90,0.153,DMAc,CgMe-PPh,CsOPiv,92.19,120,0.153,DMAc,CgMe-PPh,CsOPiv,92.03,120,0.057,DMAc,CgMe-PPh,CsOPiv,65.32,90,0.057,DMAc,CgMe-PPh,CsOPiv,54.83,120,0.153,DMAc,GorlosPhos HBF4,CsOPiv,68.17,120,0.153,DMAc,P(fur)3,CsOPiv,9.96,120,0.153,DMAc,tBPh-CPhos,CsOPiv,5.65,120,0.153,DMAc,JackiePhos,CsOPiv,0,120,0.153,DMAc,BrettPhos,CsOPiv,48.34,120,0.153,DMAc,X-Phos,CsOPiv,10.49,120,0.153,DMAc,PPh2Me,CsOPiv,100,105,0.153,DMAc,CgMe-PPh,CsOPiv,,,,,,,,,,,,,,,,,,,,,,,,,,,,,,,,,,,,,,,,,,,,,,,,,,,,,,,,,,,,,,,,,,,,,,,,,,,,,,,,,,,,,,,,,,,,,,,,,,,,,,,,,,,,,,,,,,,,,,,,,,,,,,,,,,,,,,,,,,,,,,,,,,,,,,,,,,,,,,,,,,,,,,,,,,,,,,,,,,,,,,,,,,,,,,,,,,,,,,,,,,,,,,,,,,,,,,,,,,,,,,,,,,,,,,,,,,,,,,,,,,,,,,,,,,,,,,,,,,,,,,,,,,,,,,,,,,,,,,,,,,,,,,,,,,,,,,,,,,,,,,,,,,,,,,,,,,,,,,,,,,,,,,,,,,,,,,,,,,,,,,,,,,,,,,,,,,,,,,,,,,,,,,,,,,,,,,,,,,,,,,,,,,,,,,,,,,,,,,,,,,,,,,,,,,,,,,,,,,,,,,,,,,,,,,,,,,,,,,,,,,,,,,,,,,,,,,,,,,,,,,
Pharma,Process Chemist,1_5 years,5.47,105,0.1,DMAc,BrettPhos,KOAc,65.37,105,0.1,DMAc,X-Phos,KOAc,13.11,105,0.1,DMAc,GorlosPhos HBF4,KOAc,75.22,105,0.1,DMAc,JackiePhos,KOAc,41.9,105,0.1,DMAc,P(fur)3,KOAc,77.41,105,0.1,DMAc,X-Phos,KOPiv,50.54,105,0.1,DMAc,JackiePhos,KOPiv,41,105,0.1,DMAc,JackiePhos,CsOAc,75.12,120,0.1,DMAc,JackiePhos,KOAc,85.21,120,0.153,DMAc,JackiePhos,KOAc,20.72,120,0.153,BuCN,JackiePhos,KOAc,6.48,120,0.153,BuOAc,JackiePhos,KOAc,7.88,120,0.153,p-Xylene,JackiePhos,KOAc,76.24,120,0.153,BuOAc,X-Phos,KOAc,61.67,120,0.153,p-Xylene,X-Phos,KOAc,4.3,120,0.153,DMAc,PPhtBu2,KOAc,76.59,120,0.153,DMAc,tBPh-CPhos,KOAc,11.91,120,0.153,DMAc,PCy3 HBF4,KOAc,51.83,120,0.153,DMAc,PPh3,KOAc,7.5,120,0.153,DMAc,PPh2Me,KOAc,5.65,120,0.153,DMAc,JackiePhos,CsOPiv,48.34,120,0.153,DMAc,X-Phos,CsOPiv,89.14,120,0.057,DMAc,JackiePhos,KOAc,77.58,120,0.057,DMAc,X-Phos,KOAc,98.38,120,0.153,DMAc,CgMe-PPh,KOAc,99.81,120,0.153,DMAc,CgMe-PPh,KOPiv,99.22,120,0.153,DMAc,CgMe-PPh,CsOAc,80.86,120,0.153,BuCN,CgMe-PPh,KOAc,52.47,120,0.153,BuOAc,CgMe-PPh,KOAc,60.29,120,0.153,p-Xylene,CgMe-PPh,KOAc,92.19,120,0.153,DMAc,CgMe-PPh,CsOPiv,80.65,120,0.153,BuCN,CgMe-PPh,KOPiv,45.73,120,0.153,BuOAc,CgMe-PPh,KOPiv,44.47,120,0.153,p-Xylene,CgMe-PPh,KOPiv,26.69,120,0.153,BuOAc,CgMe-PPh,CsOPiv,,,,,,,,,,,,,,,,,,,,,,,,,,,,,,,,,,,,,,,,,,,,,,,,,,,,,,,,,,,,,,,,,,,,,,,,,,,,,,,,,,,,,,,,,,,,,,,,,,,,,,,,,,,,,,,,,,,,,,,,,,,,,,,,,,,,,,,,,,,,,,,,,,,,,,,,,,,,,,,,,,,,,,,,,,,,,,,,,,,,,,,,,,,,,,,,,,,,,,,,,,,,,,,,,,,,,,,,,,,,,,,,,,,,,,,,,,,,,,,,,,,,,,,,,,,,,,,,,,,,,,,,,,,,,,,,,,,,,,,,,,,,,,,,,,,,,,,,,,,,,,,,,,,,,,,,,,,,,,,,,,,,,,,,,,,,,,,,,,,,,,,,,,,,,,,,,,,,,,,,,,,,,,,,,,,,,,,,,,,,,,,,,,,,,,
Pharma,Process Chemist,1_5 years,0,105,0.1,DMAc,BrettPhos,CsOPiv,55.41,105,0.1,BuCN,BrettPhos,CsOPiv,27.48,105,0.1,BuOAc,BrettPhos,CsOPiv,21.54,105,0.1,p-Xylene,BrettPhos,CsOPiv,29.16,105,0.1,DMAc,X-Phos,CsOPiv,68.53,105,0.1,BuCN,X-Phos,CsOPiv,36.65,105,0.057,BuCN,X-Phos,CsOPiv,79.76,105,0.153,BuCN,X-Phos,CsOPiv,69.11,90,0.1,BuCN,X-Phos,CsOPiv,59.81,120,0.1,BuCN,X-Phos,CsOPiv,32.5,90,0.153,BuCN,X-Phos,KOAc,33.95,90,0.153,BuCN,X-Phos,KOPiv,0,90,0.153,BuCN,X-Phos,CsOAc,75.4,90,0.153,BuCN,X-Phos,CsOPiv,54.55,90,0.153,BuCN,BrettPhos,CsOPiv,0,90,0.153,BuCN,PPhtBu2,CsOPiv,8.95,90,0.153,BuCN,tBPh-CPhos,CsOPiv,0,90,0.153,BuCN,PCy3 HBF4,CsOPiv,2.53,90,0.153,BuCN,PPh3,CsOPiv,44.4,90,0.153,BuCN,P(fur)3,CsOPiv,0,90,0.153,BuCN,PPh2Me,CsOPiv,18.19,90,0.153,BuCN,GorlosPhos HBF4,CsOPiv,16.91,90,0.153,BuCN,JackiePhos,CsOPiv,36.73,90,0.153,BuCN,CgMe-PPh,CsOPiv,0,90,0.153,BuCN,PPhMe2,CsOPiv,31.66,90,0.153,DMAc,P(fur)3,CsOPiv,25.64,90,0.153,BuOAc,P(fur)3,CsOPiv,18.95,90,0.153,p-Xylene,P(fur)3,CsOPiv,52.2,90,0.153,BuCN,P(fur)3,KOPiv,37.37,90,0.153,DMAc,P(fur)3,KOPiv,57.68,105,0.153,BuCN,P(fur)3,KOPiv,53.11,120,0.153,BuCN,P(fur)3,KOPiv,11.61,105,0.153,BuCN,P(fur)3,KOAc,31.29,105,0.153,BuCN,P(fur)3,CsOAc,52.69,105,0.153,BuCN,P(fur)3,CsOPiv,40.06,105,0.153,DMAc,X-Phos,CsOPiv,5.53,105,0.153,BuOAc,X-Phos,CsOPiv,73.93,105,0.153,p-Xylene,X-Phos,CsOPiv,34.45,105,0.153,p-Xylene,X-Phos,KOPiv,44.48,105,0.153,BuOAc,X-Phos,KOPiv,73.33,105,0.153,BuCN,X-Phos,KOPiv,82.28,105,0.153,DMAc,X-Phos,KOPiv,48.86,105,0.153,DMAc,X-Phos,KOAc,75.39,105,0.153,BuCN,X-Phos,KOAc,53.49,105,0.153,BuOAc,X-Phos,KOAc,39.32,105,0.153,p-Xylene,X-Phos,KOAc,76.63,105,0.153,p-Xylene,X-Phos,CsOAc,81.66,105,0.153,BuOAc,X-Phos,CsOAc,84.62,105,0.153,BuCN,X-Phos,CsOAc,84.48,105,0.153,DMAc,X-Phos,CsOAc,87.83,105,0.1,DMAc,X-Phos,CsOAc,84.17,90,0.1,DMAc,X-Phos,CsOAc,84.81,120,0.1,DMAc,X-Phos,CsOAc,88.41,120,0.057,DMAc,X-Phos,CsOAc,89.17,105,0.057,DMAc,X-Phos,CsOAc,79.33,90,0.057,DMAc,X-Phos,CsOAc,86.14,90,0.153,DMAc,X-Phos,CsOAc,84.49,120,0.153,DMAc,X-Phos,CsOAc,83.25,105,0.1,DMAc,CgMe-PPh,CsOAc,45.21,105,0.1,DMAc,P(fur)3,CsOAc,91.39,105,0.057,DMAc,CgMe-PPh,CsOAc,95.48,120,0.057,DMAc,CgMe-PPh,CsOAc,38.8,90,0.057,DMAc,CgMe-PPh,CsOAc,100,105,0.153,DMAc,CgMe-PPh,CsOAc,43.84,90,0.153,DMAc,CgMe-PPh,CsOAc,,,,,,,,,,,,,,,,,,,,,,,,,,,,,,,,,,,,,,,,,,,,,,,,,,,,,,,,,,,,,,,,,,,,,,,,,,,,,,,,,,,,,,,,,,,,,,,,,,,,,,,,,,,,,,,,,,,,,,,,,,,,,,,,,,,,,,,,,,,,,,,,,,,,,,,,,,,,,,,,,,,,,,,,,,,,,,,,,,,,,,,,,,,,,,,,,,,,,,,,,,,,,,,,,,
Pharma,Process Chemist,5_10 years,0,120,0.153,DMAc,BrettPhos,CsOPiv,0,120,0.153,DMAc,PPhtBu2,CsOPiv,9.96,120,0.153,DMAc,tBPh-CPhos,CsOPiv,13.88,120,0.153,DMAc,PCy3 HBF4,CsOPiv,58.4,120,0.153,DMAc,PPh3,CsOPiv,48.34,120,0.153,DMAc,X-Phos,CsOPiv,68.17,120,0.153,DMAc,P(fur)3,CsOPiv,10.49,120,0.153,DMAc,PPh2Me,CsOPiv,92.19,120,0.153,DMAc,CgMe-PPh,CsOPiv,54.83,120,0.153,DMAc,GorlosPhos HBF4,CsOPiv,98.38,120,0.153,DMAc,CgMe-PPh,KOAc,99.81,120,0.153,DMAc,CgMe-PPh,KOPiv,99.22,120,0.153,DMAc,CgMe-PPh,CsOAc,19.13,120,0.153,p-Xylene,CgMe-PPh,CsOPiv,71.81,120,0.153,BuCN,CgMe-PPh,CsOPiv,22.65,90,0.153,BuOAc,CgMe-PPh,KOPiv,98.49,105,0.153,DMAc,CgMe-PPh,KOPiv,45.73,120,0.153,BuOAc,CgMe-PPh,KOPiv,87.59,120,0.1,DMAc,CgMe-PPh,KOPiv,89.95,120,0.057,DMAc,CgMe-PPh,KOPiv,,,,,,,,,,,,,,,,,,,,,,,,,,,,,,,,,,,,,,,,,,,,,,,,,,,,,,,,,,,,,,,,,,,,,,,,,,,,,,,,,,,,,,,,,,,,,,,,,,,,,,,,,,,,,,,,,,,,,,,,,,,,,,,,,,,,,,,,,,,,,,,,,,,,,,,,,,,,,,,,,,,,,,,,,,,,,,,,,,,,,,,,,,,,,,,,,,,,,,,,,,,,,,,,,,,,,,,,,,,,,,,,,,,,,,,,,,,,,,,,,,,,,,,,,,,,,,,,,,,,,,,,,,,,,,,,,,,,,,,,,,,,,,,,,,,,,,,,,,,,,,,,,,,,,,,,,,,,,,,,,,,,,,,,,,,,,,,,,,,,,,,,,,,,,,,,,,,,,,,,,,,,,,,,,,,,,,,,,,,,,,,,,,,,,,,,,,,,,,,,,,,,,,,,,,,,,,,,,,,,,,,,,,,,,,,,,,,,,,,,,,,,,,,,,,,,,,,,,,,,,,,,,,,,,,,,,,,,,,,,
Pharma,Process Chemist,1_5 years,0,105,0.1,DMAc,PPhtBu2,KOAc,65.37,105,0.1,DMAc,X-Phos,KOAc,80.38,105,0.1,DMAc,CgMe-PPh,KOAc,7.26,105,0.1,DMAc,PCy3 HBF4,KOAc,28.15,105,0.1,DMAc,PPh3,KOAc,75.22,105,0.1,DMAc,JackiePhos,KOAc,13.11,105,0.1,DMAc,GorlosPhos HBF4,KOAc,78.95,105,0.1,DMAc,tBPh-CPhos,KOAc,13.19,90,0.1,DMAc,CgMe-PPh,KOAc,83.22,120,0.1,DMAc,CgMe-PPh,KOAc,35.6,105,0.1,p-Xylene,CgMe-PPh,KOAc,67.57,120,0.1,BuCN,CgMe-PPh,KOAc,51.37,120,0.1,BuOAc,CgMe-PPh,KOAc,42.62,120,0.1,BuOAc,CgMe-PPh,KOPiv,57.84,120,0.1,BuOAc,CgMe-PPh,CsOAc,52.47,120,0.153,BuOAc,CgMe-PPh,KOAc,99.22,120,0.153,DMAc,CgMe-PPh,CsOAc,39.57,120,0.153,DMAc,JackiePhos,CsOAc,7.43,120,0.153,DMAc,BrettPhos,CsOAc,32.21,120,0.153,DMAc,tBPh-CPhos,CsOAc,92.19,120,0.153,DMAc,CgMe-PPh,CsOPiv,,,,,,,,,,,,,,,,,,,,,,,,,,,,,,,,,,,,,,,,,,,,,,,,,,,,,,,,,,,,,,,,,,,,,,,,,,,,,,,,,,,,,,,,,,,,,,,,,,,,,,,,,,,,,,,,,,,,,,,,,,,,,,,,,,,,,,,,,,,,,,,,,,,,,,,,,,,,,,,,,,,,,,,,,,,,,,,,,,,,,,,,,,,,,,,,,,,,,,,,,,,,,,,,,,,,,,,,,,,,,,,,,,,,,,,,,,,,,,,,,,,,,,,,,,,,,,,,,,,,,,,,,,,,,,,,,,,,,,,,,,,,,,,,,,,,,,,,,,,,,,,,,,,,,,,,,,,,,,,,,,,,,,,,,,,,,,,,,,,,,,,,,,,,,,,,,,,,,,,,,,,,,,,,,,,,,,,,,,,,,,,,,,,,,,,,,,,,,,,,,,,,,,,,,,,,,,,,,,,,,,,,,,,,,,,,,,,,,,,,,,,,,,,,,,,,,,,,,,,,,,,,,,,,,,,,,,
Pharma,Engineer,No experience,0,105,0.1,DMAc,PPhtBu2,KOAc,13.11,105,0.1,DMAc,GorlosPhos HBF4,KOAc,75.22,105,0.1,DMAc,JackiePhos,KOAc,78.95,105,0.1,DMAc,tBPh-CPhos,KOAc,41.9,105,0.1,DMAc,P(fur)3,KOAc,0,105,0.1,DMAc,PPhMe2,KOAc,28.15,105,0.1,DMAc,PPh3,KOAc,41.9,105,0.1,DMAc,P(fur)3,KOAc,13.11,105,0.1,DMAc,GorlosPhos HBF4,KOAc,80.38,105,0.1,DMAc,CgMe-PPh,KOAc,8.06,105,0.1,p-Xylene,JackiePhos,CsOPiv,21.54,105,0.1,p-Xylene,BrettPhos,CsOPiv,16.46,105,0.1,p-Xylene,CgMe-PPh,CsOPiv,32.37,105,0.1,p-Xylene,CgMe-PPh,KOPiv,68.35,105,0.1,p-Xylene,CgMe-PPh,CsOAc,10.44,105,0.1,DMAc,PCy3 HBF4,KOPiv,28.64,105,0.1,DMAc,tBPh-CPhos,KOPiv,81.63,120,0.1,DMAc,CgMe-PPh,CsOAc,54.67,105,0.1,BuCN,CgMe-PPh,KOAc,41.35,105,0.1,BuOAc,CgMe-PPh,KOAc,80.38,105,0.1,DMAc,CgMe-PPh,KOAc,80.69,105,0.153,p-Xylene,CgMe-PPh,CsOAc,95.48,120,0.057,DMAc,CgMe-PPh,CsOAc,29.31,105,0.1,DMAc,tBPh-CPhos,CsOAc,98.38,120,0.153,DMAc,CgMe-PPh,KOAc,99.22,120,0.153,DMAc,CgMe-PPh,CsOAc,96.64,120,0.057,DMAc,CgMe-PPh,KOAc,60.29,120,0.153,p-Xylene,CgMe-PPh,KOAc,83.22,120,0.1,DMAc,CgMe-PPh,KOAc,13.19,90,0.1,DMAc,CgMe-PPh,KOAc,99.98,120,0.153,BuCN,CgMe-PPh,CsOAc,62.33,120,0.153,BuOAc,CgMe-PPh,CsOAc,91.19,120,0.153,p-Xylene,CgMe-PPh,CsOAc,43.84,90,0.153,DMAc,CgMe-PPh,CsOAc,100,105,0.153,DMAc,CgMe-PPh,CsOAc,,,,,,,,,,,,,,,,,,,,,,,,,,,,,,,,,,,,,,,,,,,,,,,,,,,,,,,,,,,,,,,,,,,,,,,,,,,,,,,,,,,,,,,,,,,,,,,,,,,,,,,,,,,,,,,,,,,,,,,,,,,,,,,,,,,,,,,,,,,,,,,,,,,,,,,,,,,,,,,,,,,,,,,,,,,,,,,,,,,,,,,,,,,,,,,,,,,,,,,,,,,,,,,,,,,,,,,,,,,,,,,,,,,,,,,,,,,,,,,,,,,,,,,,,,,,,,,,,,,,,,,,,,,,,,,,,,,,,,,,,,,,,,,,,,,,,,,,,,,,,,,,,,,,,,,,,,,,,,,,,,,,,,,,,,,,,,,,,,,,,,,,,,,,,,,,,,,,,,,,,,,,,,,,,,,,,,,,,,,,,,,,,,,,,,
Pharma,Engineer,No experience,2.85,105,0.1,BuOAc,GorlosPhos HBF4,KOAc,9.87,105,0.1,BuOAc,P(fur)3,KOAc,41.9,105,0.1,DMAc,P(fur)3,KOAc,32.04,105,0.153,DMAc,P(fur)3,KOAc,39.39,105,0.057,DMAc,P(fur)3,KOAc,64.12,105,0.057,DMAc,P(fur)3,KOPiv,73.59,105,0.1,DMAc,P(fur)3,KOPiv,64.46,105,0.153,DMAc,P(fur)3,KOPiv,76.02,120,0.1,DMAc,P(fur)3,KOPiv,26.29,90,0.1,DMAc,P(fur)3,KOPiv,49.4,105,0.1,DMAc,P(fur)3,CsOPiv,46.33,105,0.057,DMAc,P(fur)3,CsOPiv,55.96,105,0.153,DMAc,P(fur)3,CsOPiv,15.44,105,0.153,p-Xylene,P(fur)3,CsOPiv,52.69,105,0.153,BuCN,P(fur)3,CsOPiv,0.07,105,0.1,DMAc,BrettPhos,KOPiv,0,105,0.1,DMAc,PPhtBu2,KOPiv,28.64,105,0.1,DMAc,tBPh-CPhos,KOPiv,10.44,105,0.1,DMAc,PCy3 HBF4,KOPiv,63.13,105,0.1,DMAc,PPh3,KOPiv,77.41,105,0.1,DMAc,X-Phos,KOPiv,8.85,105,0.1,DMAc,PPh2Me,KOPiv,50.54,105,0.1,DMAc,JackiePhos,KOPiv,89.76,105,0.1,DMAc,CgMe-PPh,KOPiv,0,105,0.1,DMAc,PPhMe2,KOPiv,90.39,105,0.057,DMAc,CgMe-PPh,KOPiv,98.49,105,0.153,DMAc,CgMe-PPh,KOPiv,61.09,90,0.153,DMAc,CgMe-PPh,KOPiv,62.75,90,0.057,DMAc,CgMe-PPh,KOPiv,55.7,90,0.1,DMAc,CgMe-PPh,KOPiv,99.81,120,0.153,DMAc,CgMe-PPh,KOPiv,87.59,120,0.1,DMAc,CgMe-PPh,KOPiv,89.95,120,0.057,DMAc,CgMe-PPh,KOPiv,83.22,120,0.1,DMAc,CgMe-PPh,KOAc,98.38,120,0.153,DMAc,CgMe-PPh,KOAc,99.22,120,0.153,DMAc,CgMe-PPh,CsOAc,92.19,120,0.153,DMAc,CgMe-PPh,CsOPiv,98.38,120,0.153,DMAc,CgMe-PPh,KOAc,80.39,120,0.153,DMAc,X-Phos,KOPiv,78.93,120,0.153,DMAc,P(fur)3,KOPiv,80.65,120,0.153,BuCN,CgMe-PPh,KOPiv,45.73,120,0.153,BuOAc,CgMe-PPh,KOPiv,44.47,120,0.153,p-Xylene,CgMe-PPh,KOPiv,60.29,120,0.153,p-Xylene,CgMe-PPh,KOAc,52.47,120,0.153,BuOAc,CgMe-PPh,KOAc,80.86,120,0.153,BuCN,CgMe-PPh,KOAc,95.48,120,0.057,DMAc,CgMe-PPh,CsOAc,81.63,120,0.1,DMAc,CgMe-PPh,CsOAc,83.25,105,0.1,DMAc,CgMe-PPh,CsOAc,100,105,0.153,DMAc,CgMe-PPh,CsOAc,,,,,,,,,,,,,,,,,,,,,,,,,,,,,,,,,,,,,,,,,,,,,,,,,,,,,,,,,,,,,,,,,,,,,,,,,,,,,,,,,,,,,,,,,,,,,,,,,,,,,,,,,,,,,,,,,,,,,,,,,,,,,,,,,,,,,,,,,,,,,,,,,,,,,,,,,,,,,,,,,,,,,,,,,,,,,,,,,,,,,,,,,,,,,,,,,,,,,,,,,,,,,,,,,,,,,,,,,,,,,,,,,,,,,,,,,,,,,,,,,,,,,,,,,,,,,,,,,,,,,,,,,,,,,,,,,,,,,,,,,,,,,,,,,,,,,,,,,,,,
Pharma,Process Chemist,1_5 years,28.15,105,0.1,DMAc,PPh3,KOAc,6.24,105,0.1,BuCN,PPh3,KOAc,3.41,105,0.1,BuOAc,PPh3,KOAc,2.06,105,0.1,p-Xylene,PPh3,KOAc,62.82,105,0.1,DMAc,PPh3,CsOAc,63.13,105,0.1,DMAc,PPh3,KOPiv,52.05,105,0.1,DMAc,PPh3,CsOPiv,87.83,105,0.1,DMAc,X-Phos,CsOAc,0,105,0.1,DMAc,PPhtBu2,CsOAc,12.83,105,0.1,DMAc,PCy3 HBF4,CsOAc,84.17,90,0.1,DMAc,X-Phos,CsOAc,84.81,120,0.1,DMAc,X-Phos,CsOAc,89.17,105,0.057,DMAc,X-Phos,CsOAc,84.48,105,0.153,DMAc,X-Phos,CsOAc,4.74,105,0.1,DMAc,BrettPhos,CsOAc,71.97,105,0.057,DMAc,JackiePhos,CsOAc,20.41,105,0.057,DMAc,PPh2Me,CsOAc,0,105,0.057,DMAc,PPhMe2,CsOAc,91.39,105,0.057,DMAc,CgMe-PPh,CsOAc,42.43,105,0.057,DMAc,tBPh-CPhos,CsOAc,,,,,,,,,,,,,,,,,,,,,,,,,,,,,,,,,,,,,,,,,,,,,,,,,,,,,,,,,,,,,,,,,,,,,,,,,,,,,,,,,,,,,,,,,,,,,,,,,,,,,,,,,,,,,,,,,,,,,,,,,,,,,,,,,,,,,,,,,,,,,,,,,,,,,,,,,,,,,,,,,,,,,,,,,,,,,,,,,,,,,,,,,,,,,,,,,,,,,,,,,,,,,,,,,,,,,,,,,,,,,,,,,,,,,,,,,,,,,,,,,,,,,,,,,,,,,,,,,,,,,,,,,,,,,,,,,,,,,,,,,,,,,,,,,,,,,,,,,,,,,,,,,,,,,,,,,,,,,,,,,,,,,,,,,,,,,,,,,,,,,,,,,,,,,,,,,,,,,,,,,,,,,,,,,,,,,,,,,,,,,,,,,,,,,,,,,,,,,,,,,,,,,,,,,,,,,,,,,,,,,,,,,,,,,,,,,,,,,,,,,,,,,,,,,,,,,,,,,,,,,,,,,,,,,,,,,,,,,,,,
Pharma,Engineer,No experience,20.6,120,0.153,BuOAc,BrettPhos,CsOAc,0,120,0.153,BuOAc,PPhtBu2,CsOAc,0,120,0.153,BuOAc,tBPh-CPhos,CsOAc,0,120,0.153,BuOAc,PCy3 HBF4,CsOAc,14.26,120,0.153,BuOAc,PPh3,CsOAc,6.23,120,0.153,BuOAc,X-Phos,CsOAc,53.61,120,0.153,BuOAc,P(fur)3,CsOAc,0,120,0.153,BuOAc,PPh2Me,CsOAc,23.3,120,0.153,BuOAc,GorlosPhos HBF4,CsOAc,27.71,105,0.057,BuOAc,BrettPhos,CsOAc,4.87,120,0.153,BuOAc,JackiePhos,CsOAc,62.33,120,0.153,BuOAc,CgMe-PPh,CsOAc,1.8,120,0.153,BuOAc,PPhMe2,CsOAc,12.14,120,0.057,BuOAc,P(fur)3,CsOAc,17.16,90,0.153,BuOAc,BrettPhos,CsOAc,99.22,120,0.153,DMAc,CgMe-PPh,CsOAc,99.81,120,0.153,DMAc,CgMe-PPh,KOPiv,31.43,120,0.153,BuOAc,P(fur)3,KOPiv,21.09,120,0.153,BuOAc,P(fur)3,CsOPiv,45.73,120,0.153,BuOAc,CgMe-PPh,KOPiv,98.38,120,0.153,DMAc,CgMe-PPh,KOAc,92.19,120,0.153,DMAc,CgMe-PPh,CsOPiv,80.65,120,0.153,BuCN,CgMe-PPh,KOPiv,44.47,120,0.153,p-Xylene,CgMe-PPh,KOPiv,61.09,90,0.153,DMAc,CgMe-PPh,KOPiv,89.95,120,0.057,DMAc,CgMe-PPh,KOPiv,89.76,105,0.1,DMAc,CgMe-PPh,KOPiv,78.93,120,0.153,DMAc,P(fur)3,KOPiv,61.33,120,0.153,DMAc,GorlosPhos HBF4,KOPiv,0.89,120,0.153,DMAc,BrettPhos,KOPiv,,,,,,,,,,,,,,,,,,,,,,,,,,,,,,,,,,,,,,,,,,,,,,,,,,,,,,,,,,,,,,,,,,,,,,,,,,,,,,,,,,,,,,,,,,,,,,,,,,,,,,,,,,,,,,,,,,,,,,,,,,,,,,,,,,,,,,,,,,,,,,,,,,,,,,,,,,,,,,,,,,,,,,,,,,,,,,,,,,,,,,,,,,,,,,,,,,,,,,,,,,,,,,,,,,,,,,,,,,,,,,,,,,,,,,,,,,,,,,,,,,,,,,,,,,,,,,,,,,,,,,,,,,,,,,,,,,,,,,,,,,,,,,,,,,,,,,,,,,,,,,,,,,,,,,,,,,,,,,,,,,,,,,,,,,,,,,,,,,,,,,,,,,,,,,,,,,,,,,,,,,,,,,,,,,,,,,,,,,,,,,,,,,,,,,,,,,,,,,,,,,,,,,,,,,,,,,,,,,,,
Pharma,Process Chemist,5_10 years,65.37,105,0.1,DMAc,X-Phos,KOAc,38.03,90,0.1,DMAc,X-Phos,KOAc,88.41,120,0.1,DMAc,X-Phos,KOAc,55.4,105,0.057,DMAc,X-Phos,KOAc,48.86,105,0.153,DMAc,X-Phos,KOAc,80.61,120,0.1,DMAc,X-Phos,KOPiv,84.81,120,0.1,DMAc,X-Phos,CsOAc,60.48,120,0.1,DMAc,P(fur)3,KOAc,5.03,120,0.1,DMAc,BrettPhos,KOAc,75.12,120,0.1,DMAc,JackiePhos,KOAc,73.71,120,0.1,BuOAc,X-Phos,KOAc,56.57,120,0.1,BuCN,X-Phos,KOAc,7.71,120,0.1,DMAc,PPhtBu2,KOAc,83.22,120,0.1,DMAc,CgMe-PPh,KOAc,3.59,120,0.1,DMAc,PPhMe2,KOAc,82.09,120,0.1,DMAc,tBPh-CPhos,KOAc,15.42,120,0.1,DMAc,GorlosPhos HBF4,KOAc,76.59,120,0.153,DMAc,tBPh-CPhos,KOAc,78.95,105,0.1,DMAc,tBPh-CPhos,KOAc,17.43,120,0.1,DMAc,tBPh-CPhos,CsOPiv,,,,,,,,,,,,,,,,,,,,,,,,,,,,,,,,,,,,,,,,,,,,,,,,,,,,,,,,,,,,,,,,,,,,,,,,,,,,,,,,,,,,,,,,,,,,,,,,,,,,,,,,,,,,,,,,,,,,,,,,,,,,,,,,,,,,,,,,,,,,,,,,,,,,,,,,,,,,,,,,,,,,,,,,,,,,,,,,,,,,,,,,,,,,,,,,,,,,,,,,,,,,,,,,,,,,,,,,,,,,,,,,,,,,,,,,,,,,,,,,,,,,,,,,,,,,,,,,,,,,,,,,,,,,,,,,,,,,,,,,,,,,,,,,,,,,,,,,,,,,,,,,,,,,,,,,,,,,,,,,,,,,,,,,,,,,,,,,,,,,,,,,,,,,,,,,,,,,,,,,,,,,,,,,,,,,,,,,,,,,,,,,,,,,,,,,,,,,,,,,,,,,,,,,,,,,,,,,,,,,,,,,,,,,,,,,,,,,,,,,,,,,,,,,,,,,,,,,,,,,,,,,,,,,,,,,,,,,,,,,
Pharma,Engineer,No experience,5.95,120,0.153,DMAc,BrettPhos,KOAc,4.3,120,0.153,DMAc,PPhtBu2,KOAc,76.59,120,0.153,DMAc,tBPh-CPhos,KOAc,11.91,120,0.153,DMAc,PCy3 HBF4,KOAc,51.83,120,0.153,DMAc,PPh3,KOAc,84.67,120,0.153,DMAc,X-Phos,KOAc,52.08,120,0.153,DMAc,P(fur)3,KOAc,7.5,120,0.153,DMAc,PPh2Me,KOAc,14.06,120,0.153,DMAc,GorlosPhos HBF4,KOAc,85.21,120,0.153,DMAc,JackiePhos,KOAc,98.38,120,0.153,DMAc,CgMe-PPh,KOAc,2.78,120,0.153,DMAc,PPhMe2,KOAc,0,90,0.153,DMAc,PPhMe2,KOAc,3.33,120,0.057,DMAc,PPhMe2,KOAc,3.33,120,0.057,DMAc,PPhMe2,KOAc,99.81,120,0.153,DMAc,CgMe-PPh,KOPiv,99.22,120,0.153,DMAc,CgMe-PPh,CsOAc,92.19,120,0.153,DMAc,CgMe-PPh,CsOPiv,80.86,120,0.153,BuCN,CgMe-PPh,KOAc,52.47,120,0.153,BuOAc,CgMe-PPh,KOAc,,,,,,,,,,,,,,,,,,,,,,,,,,,,,,,,,,,,,,,,,,,,,,,,,,,,,,,,,,,,,,,,,,,,,,,,,,,,,,,,,,,,,,,,,,,,,,,,,,,,,,,,,,,,,,,,,,,,,,,,,,,,,,,,,,,,,,,,,,,,,,,,,,,,,,,,,,,,,,,,,,,,,,,,,,,,,,,,,,,,,,,,,,,,,,,,,,,,,,,,,,,,,,,,,,,,,,,,,,,,,,,,,,,,,,,,,,,,,,,,,,,,,,,,,,,,,,,,,,,,,,,,,,,,,,,,,,,,,,,,,,,,,,,,,,,,,,,,,,,,,,,,,,,,,,,,,,,,,,,,,,,,,,,,,,,,,,,,,,,,,,,,,,,,,,,,,,,,,,,,,,,,,,,,,,,,,,,,,,,,,,,,,,,,,,,,,,,,,,,,,,,,,,,,,,,,,,,,,,,,,,,,,,,,,,,,,,,,,,,,,,,,,,,,,,,,,,,,,,,,,,,,,,,,,,,,,,,,,,,,
Pharma,Process Chemist,No experience,89.76,105,0.1,DMAc,CgMe-PPh,KOPiv,10.44,105,0.1,DMAc,PCy3 HBF4,KOPiv,77.41,105,0.1,DMAc,X-Phos,KOPiv,0,105,0.1,DMAc,PPhtBu2,KOPiv,0,105,0.1,DMAc,PPhMe2,KOPiv,80.38,105,0.1,DMAc,CgMe-PPh,KOAc,98.49,105,0.153,DMAc,CgMe-PPh,KOPiv,87.59,120,0.1,DMAc,CgMe-PPh,KOPiv,99.81,120,0.153,DMAc,CgMe-PPh,KOPiv,69.2,105,0.153,BuCN,CgMe-PPh,KOPiv,31.32,105,0.153,p-Xylene,CgMe-PPh,KOPiv,32.43,105,0.153,BuOAc,CgMe-PPh,KOPiv,80.39,120,0.153,DMAc,X-Phos,KOPiv,,,,,,,,,,,,,,,,,,,,,,,,,,,,,,,,,,,,,,,,,,,,,,,,,,,,,,,,,,,,,,,,,,,,,,,,,,,,,,,,,,,,,,,,,,,,,,,,,,,,,,,,,,,,,,,,,,,,,,,,,,,,,,,,,,,,,,,,,,,,,,,,,,,,,,,,,,,,,,,,,,,,,,,,,,,,,,,,,,,,,,,,,,,,,,,,,,,,,,,,,,,,,,,,,,,,,,,,,,,,,,,,,,,,,,,,,,,,,,,,,,,,,,,,,,,,,,,,,,,,,,,,,,,,,,,,,,,,,,,,,,,,,,,,,,,,,,,,,,,,,,,,,,,,,,,,,,,,,,,,,,,,,,,,,,,,,,,,,,,,,,,,,,,,,,,,,,,,,,,,,,,,,,,,,,,,,,,,,,,,,,,,,,,,,,,,,,,,,,,,,,,,,,,,,,,,,,,,,,,,,,,,,,,,,,,,,,,,,,,,,,,,,,,,,,,,,,,,,,,,,,,,,,,,,,,,,,,,,,,,,,,,,,,,,,,,,,,,,,,,,,,,,,,,,,,,,,,,,,,,,,
Pharma,Engineer,No experience,75.22,105,0.1,DMAc,JackiePhos,KOAc,0,105,0.1,DMAc,PPhMe2,CsOAc,8.23,105,0.1,DMAc,PPh2Me,KOAc,41,105,0.1,DMAc,JackiePhos,CsOAc,1.92,105,0.1,BuOAc,PPh3,KOPiv,17.09,105,0.1,BuOAc,BrettPhos,KOAc,14.36,105,0.1,BuCN,GorlosPhos HBF4,KOAc,33.34,105,0.1,BuCN,GorlosPhos HBF4,CsOAc,4.74,105,0.1,DMAc,BrettPhos,CsOAc,35.6,105,0.1,p-Xylene,CgMe-PPh,KOAc,75.22,105,0.1,DMAc,JackiePhos,KOAc,0,105,0.1,DMAc,PPhMe2,CsOAc,8.23,105,0.1,DMAc,PPh2Me,KOAc,41,105,0.1,DMAc,JackiePhos,CsOAc,1.92,105,0.1,BuOAc,PPh3,KOPiv,17.09,105,0.1,BuOAc,BrettPhos,KOAc,14.36,105,0.1,BuCN,GorlosPhos HBF4,KOAc,33.34,105,0.1,BuCN,GorlosPhos HBF4,CsOAc,4.74,105,0.1,DMAc,BrettPhos,CsOAc,35.6,105,0.1,p-Xylene,CgMe-PPh,KOAc,85.21,120,0.153,DMAc,JackiePhos,KOAc,89.14,120,0.057,DMAc,JackiePhos,KOAc,21.88,120,0.057,BuCN,JackiePhos,KOAc,5.16,120,0.057,BuOAc,JackiePhos,KOAc,5.4,120,0.057,p-Xylene,JackiePhos,KOAc,13.11,105,0.1,DMAc,GorlosPhos HBF4,KOAc,72.24,90,0.057,DMAc,JackiePhos,KOAc,87.62,105,0.057,DMAc,JackiePhos,KOAc,80.38,105,0.1,DMAc,CgMe-PPh,KOAc,98.38,120,0.153,DMAc,CgMe-PPh,KOAc,96.64,120,0.057,DMAc,CgMe-PPh,KOAc,75.22,105,0.1,DMAc,JackiePhos,KOAc,0,105,0.1,DMAc,PPhMe2,CsOAc,8.23,105,0.1,DMAc,PPh2Me,KOAc,41,105,0.1,DMAc,JackiePhos,CsOAc,1.92,105,0.1,BuOAc,PPh3,KOPiv,17.09,105,0.1,BuOAc,BrettPhos,KOAc,14.36,105,0.1,BuCN,GorlosPhos HBF4,KOAc,33.34,105,0.1,BuCN,GorlosPhos HBF4,CsOAc,4.74,105,0.1,DMAc,BrettPhos,CsOAc,35.6,105,0.1,p-Xylene,CgMe-PPh,KOAc,85.21,120,0.153,DMAc,JackiePhos,KOAc,89.14,120,0.057,DMAc,JackiePhos,KOAc,21.88,120,0.057,BuCN,JackiePhos,KOAc,5.16,120,0.057,BuOAc,JackiePhos,KOAc,5.4,120,0.057,p-Xylene,JackiePhos,KOAc,13.11,105,0.1,DMAc,GorlosPhos HBF4,KOAc,72.24,90,0.057,DMAc,JackiePhos,KOAc,87.62,105,0.057,DMAc,JackiePhos,KOAc,80.38,105,0.1,DMAc,CgMe-PPh,KOAc,98.38,120,0.153,DMAc,CgMe-PPh,KOAc,96.64,120,0.057,DMAc,CgMe-PPh,KOAc,67.57,120,0.1,BuCN,CgMe-PPh,KOAc,88.82,120,0.1,BuCN,CgMe-PPh,CsOAc,51.37,120,0.1,BuOAc,CgMe-PPh,KOAc,57.84,120,0.1,BuOAc,CgMe-PPh,CsOAc,81.63,120,0.1,DMAc,CgMe-PPh,CsOAc,62.73,120,0.1,p-Xylene,CgMe-PPh,CsOAc,46.75,120,0.1,p-Xylene,CgMe-PPh,KOAc,98.38,120,0.153,DMAc,CgMe-PPh,KOAc,28.9,90,0.153,DMAc,CgMe-PPh,KOAc,13.19,90,0.1,DMAc,CgMe-PPh,KOAc,98.38,120,0.153,DMAc,CgMe-PPh,KOAc,98.38,120,0.153,DMAc,CgMe-PPh,KOAc,98.38,120,0.153,DMAc,CgMe-PPh,KOAc,98.38,120,0.153,DMAc,CgMe-PPh,KOAc,98.38,120,0.153,DMAc,CgMe-PPh,KOAc,,,,,,,,,,,,,,,,,,,,,,,,,,,,,,,,,,,,,,,,,,,,,,,,,,,,,,,,,,,,,,,,,,,,,,,,,,,,,,,,,,,,,,,,,,,,,,,,,,,,,,,,,,,,,,,,,,,,,,,,,,,,,,,,,,,,,,,,,,,,,,,,,,,,,,,,,,,,,,,,,,,,,,,,,,,,,,,,,,,,,,,,,,,,,,,,,,,,,,
Pharma,Engineer,1_5 years,5.95,120,0.153,DMAc,BrettPhos,KOAc,4.3,120,0.153,DMAc,PPhtBu2,KOAc,76.59,120,0.153,DMAc,tBPh-CPhos,KOAc,11.91,120,0.153,DMAc,PCy3 HBF4,KOAc,51.83,120,0.153,DMAc,PPh3,KOAc,84.67,120,0.153,DMAc,X-Phos,KOAc,52.08,120,0.153,DMAc,P(fur)3,KOAc,7.5,120,0.153,DMAc,PPh2Me,KOAc,14.06,120,0.153,DMAc,GorlosPhos HBF4,KOAc,85.21,120,0.153,DMAc,JackiePhos,KOAc,98.38,120,0.153,DMAc,CgMe-PPh,KOAc,2.78,120,0.153,DMAc,PPhMe2,KOAc,80.39,120,0.153,DMAc,X-Phos,KOPiv,84.49,120,0.153,DMAc,X-Phos,CsOAc,48.34,120,0.153,DMAc,X-Phos,CsOPiv,87,105,0.153,DMAc,CgMe-PPh,KOAc,28.9,90,0.153,DMAc,CgMe-PPh,KOAc,83.22,120,0.1,DMAc,CgMe-PPh,KOAc,96.64,120,0.057,DMAc,CgMe-PPh,KOAc,60.29,120,0.153,p-Xylene,CgMe-PPh,KOAc,80.86,120,0.153,BuCN,CgMe-PPh,KOAc,52.47,120,0.153,BuOAc,CgMe-PPh,KOAc,99.81,120,0.153,DMAc,CgMe-PPh,KOPiv,99.22,120,0.153,DMAc,CgMe-PPh,CsOAc,92.19,120,0.153,DMAc,CgMe-PPh,CsOPiv,80.65,120,0.153,BuCN,CgMe-PPh,KOPiv,45.73,120,0.153,BuOAc,CgMe-PPh,KOPiv,44.47,120,0.153,p-Xylene,CgMe-PPh,KOPiv,62.75,90,0.057,DMAc,CgMe-PPh,KOPiv,89.76,105,0.1,DMAc,CgMe-PPh,KOPiv,87.59,120,0.1,DMAc,CgMe-PPh,KOPiv,89.95,120,0.057,DMAc,CgMe-PPh,KOPiv,98.49,105,0.153,DMAc,CgMe-PPh,KOPiv,11.68,105,0.153,DMAc,JackiePhos,KOPiv,22.3,105,0.153,DMAc,JackiePhos,CsOAc,,,,,,,,,,,,,,,,,,,,,,,,,,,,,,,,,,,,,,,,,,,,,,,,,,,,,,,,,,,,,,,,,,,,,,,,,,,,,,,,,,,,,,,,,,,,,,,,,,,,,,,,,,,,,,,,,,,,,,,,,,,,,,,,,,,,,,,,,,,,,,,,,,,,,,,,,,,,,,,,,,,,,,,,,,,,,,,,,,,,,,,,,,,,,,,,,,,,,,,,,,,,,,,,,,,,,,,,,,,,,,,,,,,,,,,,,,,,,,,,,,,,,,,,,,,,,,,,,,,,,,,,,,,,,,,,,,,,,,,,,,,,,,,,,,,,,,,,,,,,,,,,,,,,,,,,,,,,,,,,,,,,,,,,,,,,,,,,,,,,,,,,,,,,,,,,,,,,,,,,,,,,,,,,,,,,,,,,,,,,,,,,,,,,,,
Pharma,Process Chemist,5_10 years,5.49,105,0.153,DMAc,BrettPhos,KOAc,5.95,120,0.153,DMAc,BrettPhos,KOAc,5.75,90,0.153,DMAc,BrettPhos,KOAc,11.68,90,0.153,DMAc,PPh3,KOAc,51.83,120,0.153,DMAc,PPh3,KOAc,78.19,120,0.153,DMAc,PPh3,CsOAc,31.85,90,0.153,DMAc,PPh3,CsOAc,6.26,90,0.153,DMAc,BrettPhos,CsOAc,7.43,120,0.153,DMAc,BrettPhos,CsOAc,39.57,120,0.153,DMAc,JackiePhos,CsOAc,74.3,120,0.153,DMAc,P(fur)3,CsOAc,19.64,120,0.153,BuCN,PPh3,CsOAc,14.26,120,0.153,BuOAc,PPh3,CsOAc,11.83,120,0.153,p-Xylene,PPh3,CsOAc,89.71,120,0.057,DMAc,PPh3,CsOAc,66.27,105,0.153,DMAc,PPh3,CsOAc,2.33,120,0.153,DMAc,PPh2Me,CsOAc,91.27,120,0.057,DMAc,PPh3,KOPiv,84.64,120,0.057,DMAc,PPh3,CsOPiv,50.7,120,0.057,DMAc,P(fur)3,CsOPiv,83.62,120,0.057,DMAc,P(fur)3,KOPiv,16.77,120,0.057,DMAc,GorlosPhos HBF4,CsOAc,95.48,120,0.057,DMAc,CgMe-PPh,CsOAc,35.61,120,0.057,DMAc,PCy3 HBF4,CsOAc,66.84,120,0.057,DMAc,tBPh-CPhos,CsOAc,,,,,,,,,,,,,,,,,,,,,,,,,,,,,,,,,,,,,,,,,,,,,,,,,,,,,,,,,,,,,,,,,,,,,,,,,,,,,,,,,,,,,,,,,,,,,,,,,,,,,,,,,,,,,,,,,,,,,,,,,,,,,,,,,,,,,,,,,,,,,,,,,,,,,,,,,,,,,,,,,,,,,,,,,,,,,,,,,,,,,,,,,,,,,,,,,,,,,,,,,,,,,,,,,,,,,,,,,,,,,,,,,,,,,,,,,,,,,,,,,,,,,,,,,,,,,,,,,,,,,,,,,,,,,,,,,,,,,,,,,,,,,,,,,,,,,,,,,,,,,,,,,,,,,,,,,,,,,,,,,,,,,,,,,,,,,,,,,,,,,,,,,,,,,,,,,,,,,,,,,,,,,,,,,,,,,,,,,,,,,,,,,,,,,,,,,,,,,,,,,,,,,,,,,,,,,,,,,,,,,,,,,,,,,,,,,,,,,,,,,,,,,,,,,,
Pharma,Engineer,No experience,65.37,105,0.1,DMAc,X-Phos,KOAc,77.41,105,0.1,DMAc,X-Phos,KOPiv,4.74,105,0.1,DMAc,BrettPhos,CsOAc,0,105,0.1,DMAc,BrettPhos,CsOPiv,28.15,105,0.1,DMAc,PPh3,KOAc,78.95,105,0.1,DMAc,tBPh-CPhos,KOAc,55.4,105,0.057,DMAc,X-Phos,KOAc,48.86,105,0.153,DMAc,X-Phos,KOAc,75.22,105,0.1,DMAc,JackiePhos,KOAc,88.41,120,0.1,DMAc,X-Phos,KOAc,82.13,120,0.057,DMAc,JackiePhos,KOPiv,16.07,120,0.057,BuCN,JackiePhos,KOPiv,3.96,120,0.057,BuOAc,JackiePhos,KOPiv,62.07,120,0.057,DMAc,X-Phos,KOPiv,82.13,120,0.057,DMAc,JackiePhos,KOPiv,8.9,120,0.057,p-Xylene,JackiePhos,KOPiv,89.14,120,0.057,DMAc,JackiePhos,KOAc,77.58,120,0.057,DMAc,X-Phos,KOAc,,,,,,,,,,,,,,,,,,,,,,,,,,,,,,,,,,,,,,,,,,,,,,,,,,,,,,,,,,,,,,,,,,,,,,,,,,,,,,,,,,,,,,,,,,,,,,,,,,,,,,,,,,,,,,,,,,,,,,,,,,,,,,,,,,,,,,,,,,,,,,,,,,,,,,,,,,,,,,,,,,,,,,,,,,,,,,,,,,,,,,,,,,,,,,,,,,,,,,,,,,,,,,,,,,,,,,,,,,,,,,,,,,,,,,,,,,,,,,,,,,,,,,,,,,,,,,,,,,,,,,,,,,,,,,,,,,,,,,,,,,,,,,,,,,,,,,,,,,,,,,,,,,,,,,,,,,,,,,,,,,,,,,,,,,,,,,,,,,,,,,,,,,,,,,,,,,,,,,,,,,,,,,,,,,,,,,,,,,,,,,,,,,,,,,,,,,,,,,,,,,,,,,,,,,,,,,,,,,,,,,,,,,,,,,,,,,,,,,,,,,,,,,,,,,,,,,,,,,,,,,,,,,,,,,,,,,,,,,,,,,,,,,,,,,,,
Pharma,Process Chemist,5_10 years,5.03,120,0.1,DMAc,BrettPhos,KOAc,88.41,120,0.1,DMAc,X-Phos,KOAc,7.71,120,0.1,DMAc,PPhtBu2,KOAc,15.42,120,0.1,DMAc,GorlosPhos HBF4,KOAc,83.22,120,0.1,DMAc,CgMe-PPh,KOAc,87.59,120,0.1,DMAc,CgMe-PPh,KOPiv,81.63,120,0.1,DMAc,CgMe-PPh,CsOAc,80.61,120,0.1,DMAc,X-Phos,KOPiv,84.81,120,0.1,DMAc,X-Phos,CsOAc,38.03,90,0.1,DMAc,X-Phos,KOAc,56.57,120,0.1,BuCN,X-Phos,KOAc,73.71,120,0.1,BuOAc,X-Phos,KOAc,67.04,120,0.1,p-Xylene,X-Phos,KOAc,70.51,120,0.1,BuCN,CgMe-PPh,KOPiv,42.62,120,0.1,BuOAc,CgMe-PPh,KOPiv,84.67,120,0.153,DMAc,X-Phos,KOAc,99.81,120,0.153,DMAc,CgMe-PPh,KOPiv,76.59,120,0.153,DMAc,tBPh-CPhos,KOAc,11.91,120,0.153,DMAc,PCy3 HBF4,KOAc,51.83,120,0.153,DMAc,PPh3,KOAc,92.19,120,0.153,DMAc,CgMe-PPh,CsOPiv,71.81,120,0.153,BuCN,CgMe-PPh,CsOPiv,26.69,120,0.153,BuOAc,CgMe-PPh,CsOPiv,19.13,120,0.153,p-Xylene,CgMe-PPh,CsOPiv,31.32,105,0.153,p-Xylene,CgMe-PPh,KOPiv,85.21,120,0.153,DMAc,JackiePhos,KOAc,2.78,120,0.153,DMAc,PPhMe2,KOAc,52.08,120,0.153,DMAc,P(fur)3,KOAc,7.5,120,0.153,DMAc,PPh2Me,KOAc,80.39,120,0.153,DMAc,X-Phos,KOPiv,43.12,120,0.153,DMAc,JackiePhos,KOPiv,39.57,120,0.153,DMAc,JackiePhos,CsOAc,5.65,120,0.153,DMAc,JackiePhos,CsOPiv,7.88,120,0.153,p-Xylene,JackiePhos,KOAc,20.72,120,0.153,BuCN,JackiePhos,KOAc,99.98,120,0.153,BuCN,CgMe-PPh,CsOAc,62.33,120,0.153,BuOAc,CgMe-PPh,CsOAc,91.19,120,0.153,p-Xylene,CgMe-PPh,CsOAc,60.29,120,0.153,p-Xylene,CgMe-PPh,KOAc,52.47,120,0.153,BuOAc,CgMe-PPh,KOAc,,,,,,,,,,,,,,,,,,,,,,,,,,,,,,,,,,,,,,,,,,,,,,,,,,,,,,,,,,,,,,,,,,,,,,,,,,,,,,,,,,,,,,,,,,,,,,,,,,,,,,,,,,,,,,,,,,,,,,,,,,,,,,,,,,,,,,,,,,,,,,,,,,,,,,,,,,,,,,,,,,,,,,,,,,,,,,,,,,,,,,,,,,,,,,,,,,,,,,,,,,,,,,,,,,,,,,,,,,,,,,,,,,,,,,,,,,,,,,,,,,,,,,,,,,,,,,,,,,,,,,,,,,,,,,,,,,,,,,,,,,,,,,,,,,,,,,,,,,,,,,,,,,,,,,,,,,,,,,,,,,,,,,,,,,,,,,,,,,,,,,,,,,,,,,,,,,,,,,,,
Pharma,Process Chemist,1_5 years,0.07,105,0.1,DMAc,BrettPhos,KOPiv,10.44,105,0.1,DMAc,PCy3 HBF4,KOPiv,77.41,105,0.1,DMAc,X-Phos,KOPiv,73.59,105,0.1,DMAc,P(fur)3,KOPiv,63.13,105,0.1,DMAc,PPh3,KOPiv,50.54,105,0.1,DMAc,JackiePhos,KOPiv,0,105,0.1,DMAc,PPhtBu2,KOPiv,28.64,105,0.1,DMAc,tBPh-CPhos,KOPiv,29.16,105,0.1,DMAc,X-Phos,CsOPiv,55.17,90,0.1,DMAc,X-Phos,KOPiv,0.07,105,0.1,DMAc,BrettPhos,KOPiv,77.41,105,0.1,DMAc,X-Phos,KOPiv,63.13,105,0.1,DMAc,PPh3,KOPiv,0,105,0.1,DMAc,PPhtBu2,KOPiv,50.54,105,0.1,DMAc,JackiePhos,KOPiv,55.17,90,0.1,DMAc,X-Phos,KOPiv,80.61,120,0.1,DMAc,X-Phos,KOPiv,61,105,0.057,DMAc,X-Phos,KOPiv,82.28,105,0.153,DMAc,X-Phos,KOPiv,65.37,105,0.1,DMAc,X-Phos,KOAc,48.34,120,0.153,DMAc,X-Phos,CsOPiv,71.43,120,0.153,BuCN,X-Phos,KOPiv,48.91,120,0.153,BuOAc,X-Phos,KOPiv,62.15,120,0.153,p-Xylene,X-Phos,KOPiv,84.49,120,0.153,DMAc,X-Phos,CsOAc,0,105,0.1,DMAc,PPhMe2,KOPiv,8.85,105,0.1,DMAc,PPh2Me,KOPiv,89.76,105,0.1,DMAc,CgMe-PPh,KOPiv,28.64,105,0.1,DMAc,tBPh-CPhos,KOPiv,38.15,105,0.1,DMAc,GorlosPhos HBF4,KOPiv,99.81,120,0.153,DMAc,CgMe-PPh,KOPiv,99.22,120,0.153,DMAc,CgMe-PPh,CsOAc,99.98,120,0.153,BuCN,CgMe-PPh,CsOAc,62.33,120,0.153,BuOAc,CgMe-PPh,CsOAc,91.19,120,0.153,p-Xylene,CgMe-PPh,CsOAc,,,,,,,,,,,,,,,,,,,,,,,,,,,,,,,,,,,,,,,,,,,,,,,,,,,,,,,,,,,,,,,,,,,,,,,,,,,,,,,,,,,,,,,,,,,,,,,,,,,,,,,,,,,,,,,,,,,,,,,,,,,,,,,,,,,,,,,,,,,,,,,,,,,,,,,,,,,,,,,,,,,,,,,,,,,,,,,,,,,,,,,,,,,,,,,,,,,,,,,,,,,,,,,,,,,,,,,,,,,,,,,,,,,,,,,,,,,,,,,,,,,,,,,,,,,,,,,,,,,,,,,,,,,,,,,,,,,,,,,,,,,,,,,,,,,,,,,,,,,,,,,,,,,,,,,,,,,,,,,,,,,,,,,,,,,,,,,,,,,,,,,,,,,,,,,,,,,,,,,,,,,,,,,,,,,,,,,,,,,,,,,,,,,,,,
Pharma,Engineer,1_5 years,0,120,0.153,DMAc,BrettPhos,CsOPiv,0,120,0.153,BuOAc,PPhtBu2,KOAc,0,120,0.153,BuOAc,tBPh-CPhos,CsOPiv,0,120,0.153,BuOAc,PCy3 HBF4,KOAc,4.86,120,0.153,BuOAc,PPh3,KOAc,48.91,120,0.153,BuOAc,X-Phos,KOPiv,74.3,120,0.153,DMAc,P(fur)3,CsOAc,2.33,120,0.153,DMAc,PPh2Me,CsOAc,40.26,120,0.153,DMAc,GorlosPhos HBF4,CsOAc,13.33,120,0.153,p-Xylene,JackiePhos,KOPiv,98.38,120,0.153,DMAc,CgMe-PPh,KOAc,17.56,120,0.153,p-Xylene,GorlosPhos HBF4,KOPiv,19.95,120,0.153,BuCN,GorlosPhos HBF4,KOAc,22.08,120,0.153,p-Xylene,tBPh-CPhos,CsOAc,9.61,120,0.153,BuCN,tBPh-CPhos,KOPiv,32.21,120,0.153,DMAc,tBPh-CPhos,CsOAc,79.33,90,0.057,DMAc,X-Phos,CsOAc,84.49,120,0.153,DMAc,X-Phos,CsOAc,32.21,120,0.153,DMAc,tBPh-CPhos,CsOAc,39.57,120,0.153,DMAc,JackiePhos,CsOAc,80.38,105,0.1,DMAc,CgMe-PPh,KOAc,96.64,120,0.057,DMAc,CgMe-PPh,KOAc,28.9,90,0.153,DMAc,CgMe-PPh,KOAc,52.08,120,0.153,DMAc,P(fur)3,KOAc,84.67,120,0.153,DMAc,X-Phos,KOAc,99.22,120,0.153,DMAc,CgMe-PPh,CsOAc,99.81,120,0.153,DMAc,CgMe-PPh,KOPiv,44.47,120,0.153,p-Xylene,CgMe-PPh,KOPiv,60.29,120,0.153,p-Xylene,CgMe-PPh,KOAc,91.19,120,0.153,p-Xylene,CgMe-PPh,CsOAc,87.59,120,0.1,DMAc,CgMe-PPh,KOPiv,98.49,105,0.153,DMAc,CgMe-PPh,KOPiv,45.73,120,0.153,BuOAc,CgMe-PPh,KOPiv,62.33,120,0.153,BuOAc,CgMe-PPh,CsOAc,92.19,120,0.153,DMAc,CgMe-PPh,CsOPiv,,,,,,,,,,,,,,,,,,,,,,,,,,,,,,,,,,,,,,,,,,,,,,,,,,,,,,,,,,,,,,,,,,,,,,,,,,,,,,,,,,,,,,,,,,,,,,,,,,,,,,,,,,,,,,,,,,,,,,,,,,,,,,,,,,,,,,,,,,,,,,,,,,,,,,,,,,,,,,,,,,,,,,,,,,,,,,,,,,,,,,,,,,,,,,,,,,,,,,,,,,,,,,,,,,,,,,,,,,,,,,,,,,,,,,,,,,,,,,,,,,,,,,,,,,,,,,,,,,,,,,,,,,,,,,,,,,,,,,,,,,,,,,,,,,,,,,,,,,,,,,,,,,,,,,,,,,,,,,,,,,,,,,,,,,,,,,,,,,,,,,,,,,,,,,,,,,,,,,,,,,,,,,,,,,,,,,,,,,,,,,,,,,,,,,
Pharma,Process Chemist,Above 10 years,0,105,0.1,DMAc,BrettPhos,CsOPiv,21.54,105,0.1,p-Xylene,BrettPhos,CsOPiv,29.17,105,0.1,p-Xylene,BrettPhos,KOPiv,0.07,105,0.1,DMAc,BrettPhos,KOPiv,49.22,105,0.1,BuOAc,BrettPhos,KOPiv,32.37,105,0.1,p-Xylene,CgMe-PPh,KOPiv,10.98,105,0.1,p-Xylene,GorlosPhos HBF4,KOPiv,9.9,105,0.1,p-Xylene,JackiePhos,KOPiv,73.59,105,0.1,DMAc,P(fur)3,KOPiv,12.83,105,0.1,DMAc,PCy3 HBF4,CsOAc,0.55,105,0.1,p-Xylene,PCy3 HBF4,CsOAc,10.44,105,0.1,DMAc,PCy3 HBF4,KOPiv,0,105,0.1,p-Xylene,PCy3 HBF4,KOPiv,0,105,0.1,BuOAc,PCy3 HBF4,KOPiv,9.55,105,0.1,DMAc,PPh2Me,CsOAc,0,105,0.1,p-Xylene,PPh2Me,CsOAc,8.85,105,0.1,DMAc,PPh2Me,KOPiv,0,105,0.1,p-Xylene,PPh2Me,KOPiv,0,105,0.1,BuCN,PPh2Me,KOPiv,28.15,105,0.1,DMAc,PPh3,KOAc,2.06,105,0.1,p-Xylene,PPh3,KOAc,63.13,105,0.1,DMAc,PPh3,KOPiv,1.41,105,0.1,p-Xylene,PPh3,KOPiv,4.28,105,0.1,BuCN,PPh3,KOPiv,0,105,0.1,DMAc,PPhMe2,KOPiv,0,105,0.1,DMAc,PPhtBu2,KOPiv,14.92,105,0.1,p-Xylene,tBPh-CPhos,KOPiv,35.07,105,0.1,p-Xylene,X-Phos,KOPiv,35.07,105,0.1,p-Xylene,X-Phos,KOPiv,35.07,105,0.1,p-Xylene,X-Phos,KOPiv,1.92,105,0.1,BuOAc,PPh3,KOPiv,18.21,105,0.1,BuOAc,P(fur)3,KOPiv,5.98,105,0.1,BuOAc,JackiePhos,KOPiv,0,105,0.1,BuOAc,PPhtBu2,KOPiv,22.75,105,0.1,BuOAc,tBPh-CPhos,KOPiv,48.25,105,0.1,BuOAc,X-Phos,KOPiv,20.21,105,0.1,BuOAc,GorlosPhos HBF4,KOPiv,36.23,105,0.1,BuOAc,CgMe-PPh,KOPiv,0,105,0.1,BuOAc,PPhMe2,KOPiv,38.15,105,0.1,DMAc,GorlosPhos HBF4,KOPiv,89.76,105,0.1,DMAc,CgMe-PPh,KOPiv,50.54,105,0.1,DMAc,JackiePhos,KOPiv,0.07,105,0.1,DMAc,BrettPhos,KOPiv,28.64,105,0.1,DMAc,tBPh-CPhos,KOPiv,28.64,105,0.1,DMAc,tBPh-CPhos,KOPiv,78.95,105,0.1,DMAc,tBPh-CPhos,KOAc,7.62,105,0.1,DMAc,tBPh-CPhos,CsOPiv,29.31,105,0.1,DMAc,tBPh-CPhos,CsOAc,6.39,105,0.1,BuCN,tBPh-CPhos,KOPiv,15.16,105,0.1,BuOAc,tBPh-CPhos,CsOPiv,62.75,90,0.057,DMAc,CgMe-PPh,KOPiv,90.39,105,0.057,DMAc,CgMe-PPh,KOPiv,89.95,120,0.057,DMAc,CgMe-PPh,KOPiv,87.59,120,0.1,DMAc,CgMe-PPh,KOPiv,55.7,90,0.1,DMAc,CgMe-PPh,KOPiv,61.09,90,0.153,DMAc,CgMe-PPh,KOPiv,98.49,105,0.153,DMAc,CgMe-PPh,KOPiv,99.81,120,0.153,DMAc,CgMe-PPh,KOPiv,92.19,120,0.153,DMAc,CgMe-PPh,CsOPiv,99.22,120,0.153,DMAc,CgMe-PPh,CsOAc,,,,,,,,,,,,,,,,,,,,,,,,,,,,,,,,,,,,,,,,,,,,,,,,,,,,,,,,,,,,,,,,,,,,,,,,,,,,,,,,,,,,,,,,,,,,,,,,,,,,,,,,,,,,,,,,,,,,,,,,,,,,,,,,,,,,,,,,,,,,,,,,,,,,,,,,,,,,,,,,,,,,,,,,,,,,,,,,,,,,,,,,,,,,,,,,,,,,,,,,,,,,,,,,,,,,,,,,,,,,,,,,,,,,,,,,,,,,,,,,
Pharma,Faculty,1_5 years,24.11,120,0.153,DMAc,PCy3 HBF4,KOPiv,79.1,120,0.153,DMAc,PPh3,KOPiv,80.39,120,0.153,DMAc,X-Phos,KOPiv,0,120,0.153,DMAc,PPhtBu2,KOPiv,2.64,120,0.153,DMAc,PPh2Me,KOPiv,83.22,120,0.1,DMAc,CgMe-PPh,KOAc,88.41,120,0.1,DMAc,X-Phos,KOAc,84.81,120,0.1,DMAc,X-Phos,CsOAc,98.38,120,0.153,DMAc,CgMe-PPh,KOAc,81.63,120,0.1,DMAc,CgMe-PPh,CsOAc,,,,,,,,,,,,,,,,,,,,,,,,,,,,,,,,,,,,,,,,,,,,,,,,,,,,,,,,,,,,,,,,,,,,,,,,,,,,,,,,,,,,,,,,,,,,,,,,,,,,,,,,,,,,,,,,,,,,,,,,,,,,,,,,,,,,,,,,,,,,,,,,,,,,,,,,,,,,,,,,,,,,,,,,,,,,,,,,,,,,,,,,,,,,,,,,,,,,,,,,,,,,,,,,,,,,,,,,,,,,,,,,,,,,,,,,,,,,,,,,,,,,,,,,,,,,,,,,,,,,,,,,,,,,,,,,,,,,,,,,,,,,,,,,,,,,,,,,,,,,,,,,,,,,,,,,,,,,,,,,,,,,,,,,,,,,,,,,,,,,,,,,,,,,,,,,,,,,,,,,,,,,,,,,,,,,,,,,,,,,,,,,,,,,,,,,,,,,,,,,,,,,,,,,,,,,,,,,,,,,,,,,,,,,,,,,,,,,,,,,,,,,,,,,,,,,,,,,,,,,,,,,,,,,,,,,,,,,,,,,,,,,,,,,,,,,,,,,,,,,,,,,,,,,,,,,,,,,,,,,,,,,,,,,,,,,,,,,,,,,
Pharma,Engineer,Above 10 years,16.44,105,0.1,p-Xylene,BrettPhos,KOAc,16.44,105,0.1,p-Xylene,BrettPhos,KOAc,0,105,0.1,p-Xylene,PPhtBu2,KOAc,6.39,105,0.1,p-Xylene,tBPh-CPhos,KOAc,0,105,0.1,p-Xylene,PCy3 HBF4,KOAc,43.76,105,0.1,p-Xylene,X-Phos,KOAc,0.83,105,0.1,p-Xylene,GorlosPhos HBF4,KOAc,5.36,105,0.1,p-Xylene,JackiePhos,KOAc,0,105,0.1,p-Xylene,PPhMe2,KOAc,0,105,0.1,p-Xylene,PPhMe2,KOAc,65.37,105,0.1,DMAc,X-Phos,KOAc,47.3,105,0.1,BuCN,X-Phos,KOAc,64.62,105,0.1,BuOAc,X-Phos,KOAc,28.11,90,0.1,BuOAc,X-Phos,KOAc,73.71,120,0.1,BuOAc,X-Phos,KOAc,66.49,120,0.1,BuOAc,X-Phos,KOPiv,2.79,120,0.1,BuOAc,X-Phos,CsOAc,52.22,120,0.1,BuOAc,X-Phos,CsOPiv,3,90,0.1,BuOAc,X-Phos,CsOPiv,59.92,105,0.1,BuOAc,X-Phos,CsOPiv,53.49,105,0.153,BuOAc,X-Phos,KOAc,76.24,120,0.153,BuOAc,X-Phos,KOAc,52.47,120,0.153,BuOAc,CgMe-PPh,KOAc,13.12,120,0.153,BuOAc,P(fur)3,KOAc,0,120,0.153,BuOAc,PPh2Me,KOAc,7.5,120,0.153,DMAc,PPh2Me,KOAc,84.67,120,0.153,DMAc,X-Phos,KOAc,78.6,120,0.153,BuCN,X-Phos,KOAc,61.67,120,0.153,p-Xylene,X-Phos,KOAc,84.49,120,0.153,DMAc,X-Phos,CsOAc,,,,,,,,,,,,,,,,,,,,,,,,,,,,,,,,,,,,,,,,,,,,,,,,,,,,,,,,,,,,,,,,,,,,,,,,,,,,,,,,,,,,,,,,,,,,,,,,,,,,,,,,,,,,,,,,,,,,,,,,,,,,,,,,,,,,,,,,,,,,,,,,,,,,,,,,,,,,,,,,,,,,,,,,,,,,,,,,,,,,,,,,,,,,,,,,,,,,,,,,,,,,,,,,,,,,,,,,,,,,,,,,,,,,,,,,,,,,,,,,,,,,,,,,,,,,,,,,,,,,,,,,,,,,,,,,,,,,,,,,,,,,,,,,,,,,,,,,,,,,,,,,,,,,,,,,,,,,,,,,,,,,,,,,,,,,,,,,,,,,,,,,,,,,,,,,,,,,,,,,,,,,,,,,,,,,,,,,,,,,,,,,,,,,,,,,,,,,,,,,,,,,,,,,,,,,,,,,,,,,
Pharma,Process Chemist,1_5 years,89.76,105,0.1,DMAc,CgMe-PPh,KOPiv,76.68,105,0.1,BuCN,CgMe-PPh,KOPiv,36.23,105,0.1,BuOAc,CgMe-PPh,KOPiv,32.37,105,0.1,p-Xylene,CgMe-PPh,KOPiv,50.54,105,0.1,DMAc,JackiePhos,KOPiv,55.7,90,0.1,DMAc,CgMe-PPh,KOPiv,87.59,120,0.1,DMAc,CgMe-PPh,KOPiv,90.39,105,0.057,DMAc,CgMe-PPh,KOPiv,62.75,90,0.057,DMAc,CgMe-PPh,KOPiv,89.95,120,0.057,DMAc,CgMe-PPh,KOPiv,98.49,105,0.153,DMAc,CgMe-PPh,KOPiv,61.09,90,0.153,DMAc,CgMe-PPh,KOPiv,99.81,120,0.153,DMAc,CgMe-PPh,KOPiv,77.52,120,0.057,BuCN,CgMe-PPh,KOPiv,76.85,105,0.057,BuCN,CgMe-PPh,KOPiv,80.65,120,0.153,BuCN,CgMe-PPh,KOPiv,45.73,120,0.153,BuOAc,CgMe-PPh,KOPiv,44.47,120,0.153,p-Xylene,CgMe-PPh,KOPiv,19.13,120,0.153,p-Xylene,CgMe-PPh,CsOPiv,26.69,120,0.153,BuOAc,CgMe-PPh,CsOPiv,,,,,,,,,,,,,,,,,,,,,,,,,,,,,,,,,,,,,,,,,,,,,,,,,,,,,,,,,,,,,,,,,,,,,,,,,,,,,,,,,,,,,,,,,,,,,,,,,,,,,,,,,,,,,,,,,,,,,,,,,,,,,,,,,,,,,,,,,,,,,,,,,,,,,,,,,,,,,,,,,,,,,,,,,,,,,,,,,,,,,,,,,,,,,,,,,,,,,,,,,,,,,,,,,,,,,,,,,,,,,,,,,,,,,,,,,,,,,,,,,,,,,,,,,,,,,,,,,,,,,,,,,,,,,,,,,,,,,,,,,,,,,,,,,,,,,,,,,,,,,,,,,,,,,,,,,,,,,,,,,,,,,,,,,,,,,,,,,,,,,,,,,,,,,,,,,,,,,,,,,,,,,,,,,,,,,,,,,,,,,,,,,,,,,,,,,,,,,,,,,,,,,,,,,,,,,,,,,,,,,,,,,,,,,,,,,,,,,,,,,,,,,,,,,,,,,,,,,,,,,,,,,,,,,,,,,,,,,,,,
Pharma,Process Chemist,1_5 years,27.48,105,0.1,BuOAc,BrettPhos,CsOPiv,29.17,105,0.1,p-Xylene,BrettPhos,KOPiv,65.69,105,0.1,BuCN,CgMe-PPh,CsOPiv,41.35,105,0.1,BuOAc,CgMe-PPh,KOAc,8.11,105,0.1,BuOAc,GorlosPhos HBF4,CsOAc,13.11,105,0.1,DMAc,GorlosPhos HBF4,KOAc,7.15,105,0.1,p-Xylene,JackiePhos,CsOAc,0,105,0.1,DMAc,JackiePhos,CsOPiv,16.19,105,0.1,BuCN,P(fur)3,CsOAc,73.59,105,0.1,DMAc,P(fur)3,KOPiv,0,105,0.1,p-Xylene,PCy3 HBF4,CsOPiv,0.35,105,0.1,BuCN,PCy3 HBF4,KOPiv,62.82,105,0.1,DMAc,PPh3,CsOAc,6.24,105,0.1,BuCN,PPh3,KOAc,0,105,0.1,p-Xylene,PPh2Me,KOAc,0,105,0.1,BuCN,PPh2Me,KOPiv,0,105,0.1,BuCN,PPhMe2,KOAc,0,105,0.1,BuOAc,PPhMe2,KOPiv,0,105,0.1,DMAc,PPhtBu2,CsOAc,0,105,0.1,p-Xylene,PPhtBu2,KOPiv,29.31,105,0.1,DMAc,tBPh-CPhos,CsOAc,15.16,105,0.1,BuOAc,tBPh-CPhos,CsOPiv,53.63,105,0.1,p-Xylene,X-Phos,CsOPiv,64.62,105,0.1,BuOAc,X-Phos,KOAc,91.11,105,0.1,DMAc,CgMe-PPh,CsOPiv,64.48,105,0.1,BuCN,BrettPhos,CsOAc,5.47,105,0.1,DMAc,BrettPhos,KOAc,32.37,105,0.1,p-Xylene,CgMe-PPh,KOPiv,45.01,105,0.1,BuOAc,CgMe-PPh,CsOAc,8.45,105,0.1,p-Xylene,P(fur)3,KOAc,15.72,105,0.1,BuOAc,P(fur)3,CsOAc,49.4,105,0.1,DMAc,P(fur)3,CsOPiv,1.92,105,0.1,BuOAc,PPh3,KOPiv,0.66,105,0.1,p-Xylene,PPh3,CsOPiv,6.39,105,0.1,BuCN,tBPh-CPhos,KOPiv,6.39,105,0.1,p-Xylene,tBPh-CPhos,KOAc,56.14,105,0.1,BuCN,X-Phos,KOPiv,67.17,105,0.1,p-Xylene,X-Phos,CsOAc,77.41,105,0.1,DMAc,X-Phos,KOPiv,47.3,105,0.1,BuCN,X-Phos,KOAc,63.13,105,0.1,DMAc,PPh3,KOPiv,0,105,0.1,DMAc,BrettPhos,CsOPiv,29.16,105,0.1,DMAc,X-Phos,CsOPiv,89.76,105,0.1,DMAc,CgMe-PPh,KOPiv,49.4,105,0.1,DMAc,P(fur)3,CsOPiv,50.74,120,0.057,BuCN,CgMe-PPh,CsOAc,63.2,90,0.153,BuCN,CgMe-PPh,CsOAc,68.35,105,0.1,p-Xylene,CgMe-PPh,CsOAc,22.88,105,0.153,BuOAc,CgMe-PPh,CsOPiv,71.57,120,0.1,BuCN,CgMe-PPh,CsOPiv,0.4,90,0.057,p-Xylene,CgMe-PPh,CsOPiv,35.64,105,0.057,BuOAc,CgMe-PPh,KOAc,30.41,90,0.057,DMAc,CgMe-PPh,KOAc,83.22,120,0.1,DMAc,CgMe-PPh,KOAc,76.68,105,0.1,BuCN,CgMe-PPh,KOPiv,22.65,90,0.153,BuOAc,CgMe-PPh,KOPiv,99.81,120,0.153,DMAc,CgMe-PPh,KOPiv,44.47,120,0.153,p-Xylene,CgMe-PPh,KOPiv,2.79,120,0.1,BuOAc,X-Phos,CsOAc,79.33,90,0.057,DMAc,X-Phos,CsOAc,99.22,120,0.153,DMAc,CgMe-PPh,CsOAc,98.38,120,0.153,DMAc,CgMe-PPh,KOAc,92.19,120,0.153,DMAc,CgMe-PPh,CsOPiv,98.49,105,0.153,DMAc,CgMe-PPh,KOPiv,80.39,120,0.153,DMAc,X-Phos,KOPiv,87.59,120,0.1,DMAc,CgMe-PPh,KOPiv,89.95,120,0.057,DMAc,CgMe-PPh,KOPiv,78.93,120,0.153,DMAc,P(fur)3,KOPiv,48.34,120,0.153,DMAc,X-Phos,CsOPiv,84.67,120,0.153,DMAc,X-Phos,KOAc,,,,,,,,,,,,,,,,,,,,,,,,,,,,,,,,,,,,,,,,,,,,,,,,,,,,,,,,,,,,,,,,,,,,,,,,,,,,,,,,,,,,,,,,,,,,,,,,,,,,,,,,,,,,,,,,,,,,,,,,,,,,,,,,,,,,,,,,,,,,,,,,,,,,,,,,,,,,,,,,,,,,,,,,,,,,,,,,,,,,
Academic,Postdoc,1_5 years,18.55,120,0.1,p-Xylene,BrettPhos,KOAc,7.03,120,0.1,p-Xylene,JackiePhos,KOAc,9.72,120,0.1,p-Xylene,P(fur)3,KOAc,67.04,120,0.1,p-Xylene,X-Phos,KOAc,0,120,0.1,p-Xylene,PPhtBu2,KOAc,0,120,0.1,p-Xylene,PPhMe2,KOAc,7.43,120,0.1,p-Xylene,GorlosPhos HBF4,KOAc,5.69,120,0.1,p-Xylene,tBPh-CPhos,KOAc,0,120,0.1,p-Xylene,PCy3 HBF4,KOAc,46.75,120,0.1,p-Xylene,CgMe-PPh,KOAc,5.03,120,0.1,DMAc,BrettPhos,KOAc,7.71,120,0.1,DMAc,PPhtBu2,KOAc,82.09,120,0.1,DMAc,tBPh-CPhos,KOAc,24.56,120,0.1,DMAc,PCy3 HBF4,KOAc,88.41,120,0.1,DMAc,X-Phos,KOAc,60.48,120,0.1,DMAc,P(fur)3,KOAc,15.42,120,0.1,DMAc,GorlosPhos HBF4,KOAc,75.12,120,0.1,DMAc,JackiePhos,KOAc,83.22,120,0.1,DMAc,CgMe-PPh,KOAc,3.59,120,0.1,DMAc,PPhMe2,KOAc,29.25,120,0.1,BuCN,BrettPhos,KOAc,0,120,0.1,BuCN,PPhtBu2,KOAc,8.4,120,0.1,BuCN,tBPh-CPhos,KOAc,1.96,120,0.1,BuCN,PCy3 HBF4,KOAc,56.57,120,0.1,BuCN,X-Phos,KOAc,13.89,120,0.1,BuCN,P(fur)3,KOAc,22.06,120,0.1,BuCN,GorlosPhos HBF4,KOAc,20.08,120,0.1,BuCN,JackiePhos,KOAc,67.57,120,0.1,BuCN,CgMe-PPh,KOAc,0,120,0.1,BuCN,PPhMe2,KOAc,80.61,120,0.1,DMAc,X-Phos,KOPiv,84.81,120,0.1,DMAc,X-Phos,CsOAc,48.15,120,0.1,DMAc,X-Phos,CsOPiv,77.58,120,0.057,DMAc,X-Phos,KOAc,84.67,120,0.153,DMAc,X-Phos,KOAc,87.59,120,0.1,DMAc,CgMe-PPh,KOPiv,81.63,120,0.1,DMAc,CgMe-PPh,CsOAc,83.85,120,0.1,DMAc,CgMe-PPh,CsOPiv,96.64,120,0.057,DMAc,CgMe-PPh,KOAc,98.38,120,0.153,DMAc,CgMe-PPh,KOAc,51.37,120,0.1,BuOAc,CgMe-PPh,KOAc,7.82,120,0.1,BuOAc,JackiePhos,KOAc,73.71,120,0.1,BuOAc,X-Phos,KOAc,0,120,0.1,BuOAc,tBPh-CPhos,KOAc,21.34,120,0.1,BuOAc,P(fur)3,KOAc,70.26,120,0.1,DMAc,JackiePhos,KOPiv,67.63,120,0.1,DMAc,JackiePhos,CsOAc,13.46,120,0.1,DMAc,JackiePhos,CsOPiv,89.14,120,0.057,DMAc,JackiePhos,KOAc,85.21,120,0.153,DMAc,JackiePhos,KOAc,68.33,120,0.1,DMAc,tBPh-CPhos,KOPiv,62.6,120,0.1,DMAc,tBPh-CPhos,CsOAc,17.43,120,0.1,DMAc,tBPh-CPhos,CsOPiv,88.89,120,0.057,DMAc,tBPh-CPhos,KOAc,76.59,120,0.153,DMAc,tBPh-CPhos,KOAc,99.81,120,0.153,DMAc,CgMe-PPh,KOPiv,99.22,120,0.153,DMAc,CgMe-PPh,CsOAc,92.19,120,0.153,DMAc,CgMe-PPh,CsOPiv,87,105,0.153,DMAc,CgMe-PPh,KOAc,28.9,90,0.153,DMAc,CgMe-PPh,KOAc,,,,,,,,,,,,,,,,,,,,,,,,,,,,,,,,,,,,,,,,,,,,,,,,,,,,,,,,,,,,,,,,,,,,,,,,,,,,,,,,,,,,,,,,,,,,,,,,,,,,,,,,,,,,,,,,,,,,,,,,,,,,,,,,,,,,,,,,,,,,,,,,,,,,,,,,,,,,,,,,,,,,,,,,,,,,,,,,,,,,,,,,,,,,,,,,,,,,,,,,,,,,,,,,,,,,,,,,,,,,,,,,,,,,,,,,,,,,,,,,
Academic,Graduate Student,1_5 years,5.22,90,0.1,DMAc,BrettPhos,KOAc,14.29,90,0.1,DMAc,PPh3,KOAc,4.85,90,0.1,DMAc,GorlosPhos HBF4,KOAc,38.03,90,0.1,DMAc,X-Phos,KOAc,45.87,90,0.1,DMAc,JackiePhos,KOAc,0,90,0.1,DMAc,PPhMe2,KOAc,13.19,90,0.1,DMAc,CgMe-PPh,KOAc,1.06,90,0.1,DMAc,PPh2Me,KOAc,9.59,90,0.1,DMAc,P(fur)3,KOAc,1.71,90,0.1,DMAc,PCy3 HBF4,KOAc,45.87,90,0.1,DMAc,JackiePhos,KOAc,3.51,90,0.1,DMAc,JackiePhos,KOPiv,16.92,90,0.1,DMAc,JackiePhos,CsOAc,1.26,90,0.1,DMAc,JackiePhos,CsOPiv,7.8,90,0.1,p-Xylene,JackiePhos,CsOPiv,45.87,90,0.1,DMAc,JackiePhos,KOAc,19.97,90,0.1,BuCN,JackiePhos,KOAc,4.95,90,0.1,p-Xylene,JackiePhos,KOAc,4.43,90,0.1,BuOAc,JackiePhos,KOAc,72.24,90,0.057,DMAc,JackiePhos,KOAc,72.24,90,0.057,DMAc,JackiePhos,KOAc,36.97,90,0.153,DMAc,JackiePhos,KOAc,87.62,105,0.057,DMAc,JackiePhos,KOAc,89.14,120,0.057,DMAc,JackiePhos,KOAc,89.14,120,0.057,DMAc,JackiePhos,KOAc,3.14,120,0.057,DMAc,BrettPhos,KOAc,77.58,120,0.057,DMAc,X-Phos,KOAc,21.88,120,0.057,BuCN,JackiePhos,KOAc,5.16,120,0.057,BuOAc,JackiePhos,KOAc,5.4,120,0.057,p-Xylene,JackiePhos,KOAc,20.08,120,0.1,BuCN,JackiePhos,KOAc,21.88,120,0.057,BuCN,JackiePhos,KOAc,89.14,120,0.057,DMAc,JackiePhos,KOAc,82.13,120,0.057,DMAc,JackiePhos,KOPiv,81.48,120,0.057,DMAc,JackiePhos,CsOAc,22.07,120,0.057,DMAc,JackiePhos,CsOPiv,13.46,120,0.1,DMAc,JackiePhos,CsOPiv,87.62,105,0.057,DMAc,JackiePhos,KOAc,72.24,90,0.057,DMAc,JackiePhos,KOAc,89.14,120,0.057,DMAc,JackiePhos,KOAc,75.12,120,0.1,DMAc,JackiePhos,KOAc,75.22,105,0.1,DMAc,JackiePhos,KOAc,87.62,105,0.057,DMAc,JackiePhos,KOAc,,,,,,,,,,,,,,,,,,,,,,,,,,,,,,,,,,,,,,,,,,,,,,,,,,,,,,,,,,,,,,,,,,,,,,,,,,,,,,,,,,,,,,,,,,,,,,,,,,,,,,,,,,,,,,,,,,,,,,,,,,,,,,,,,,,,,,,,,,,,,,,,,,,,,,,,,,,,,,,,,,,,,,,,,,,,,,,,,,,,,,,,,,,,,,,,,,,,,,,,,,,,,,,,,,,,,,,,,,,,,,,,,,,,,,,,,,,,,,,,,,,,,,,,,,,,,,,,,,,,,,,,,,,,,,,,,,,,,,,,,,,,,,,,,,,,,,,,,,,,,,,,,,,,,,,,,,,,,,,,,,,,,,,,,,,,,,,,,,,,,,
Academic,Graduate Student,1_5 years,44.74,120,0.1,p-Xylene,X-Phos,KOPiv,11.69,120,0.1,p-Xylene,JackiePhos,KOPiv,37.36,120,0.1,p-Xylene,BrettPhos,KOPiv,28.93,120,0.1,p-Xylene,BrettPhos,CsOAc,67.17,120,0.1,p-Xylene,X-Phos,CsOAc,84.17,120,0.1,BuCN,X-Phos,CsOAc,2.79,120,0.1,BuOAc,X-Phos,CsOAc,84.81,120,0.1,DMAc,X-Phos,CsOAc,48.15,120,0.1,DMAc,X-Phos,CsOPiv,55.8,120,0.1,p-Xylene,X-Phos,CsOPiv,84.49,120,0.153,DMAc,X-Phos,CsOAc,88.41,120,0.057,DMAc,X-Phos,CsOAc,67.63,120,0.1,DMAc,JackiePhos,CsOAc,4.08,120,0.1,DMAc,BrettPhos,CsOAc,81.63,120,0.1,DMAc,CgMe-PPh,CsOAc,,,,,,,,,,,,,,,,,,,,,,,,,,,,,,,,,,,,,,,,,,,,,,,,,,,,,,,,,,,,,,,,,,,,,,,,,,,,,,,,,,,,,,,,,,,,,,,,,,,,,,,,,,,,,,,,,,,,,,,,,,,,,,,,,,,,,,,,,,,,,,,,,,,,,,,,,,,,,,,,,,,,,,,,,,,,,,,,,,,,,,,,,,,,,,,,,,,,,,,,,,,,,,,,,,,,,,,,,,,,,,,,,,,,,,,,,,,,,,,,,,,,,,,,,,,,,,,,,,,,,,,,,,,,,,,,,,,,,,,,,,,,,,,,,,,,,,,,,,,,,,,,,,,,,,,,,,,,,,,,,,,,,,,,,,,,,,,,,,,,,,,,,,,,,,,,,,,,,,,,,,,,,,,,,,,,,,,,,,,,,,,,,,,,,,,,,,,,,,,,,,,,,,,,,,,,,,,,,,,,,,,,,,,,,,,,,,,,,,,,,,,,,,,,,,,,,,,,,,,,,,,,,,,,,,,,,,,,,,,,,,,,,,,,,,,,,,,,,,,,,,,,,,,,,,
Academic,Graduate Student,1_5 years,25.5,90,0.1,p-Xylene,X-Phos,KOAc,38.03,90,0.1,DMAc,X-Phos,KOAc,26.5,90,0.1,BuCN,X-Phos,KOAc,28.11,90,0.1,BuOAc,X-Phos,KOAc,43.76,105,0.1,p-Xylene,X-Phos,KOAc,65.37,105,0.1,DMAc,X-Phos,KOAc,88.41,120,0.1,DMAc,X-Phos,KOAc,67.04,120,0.1,p-Xylene,X-Phos,KOAc,67.17,105,0.1,p-Xylene,X-Phos,CsOAc,35.07,105,0.1,p-Xylene,X-Phos,KOPiv,77.58,120,0.057,DMAc,X-Phos,KOAc,84.67,120,0.153,DMAc,X-Phos,KOAc,5.03,120,0.1,DMAc,BrettPhos,KOAc,24.56,120,0.1,DMAc,PCy3 HBF4,KOAc,15.42,120,0.1,DMAc,GorlosPhos HBF4,KOAc,83.22,120,0.1,DMAc,CgMe-PPh,KOAc,7.71,120,0.1,DMAc,PPhtBu2,KOAc,74.04,120,0.1,DMAc,PPh3,KOAc,75.12,120,0.1,DMAc,JackiePhos,KOAc,82.09,120,0.1,DMAc,tBPh-CPhos,KOAc,,,,,,,,,,,,,,,,,,,,,,,,,,,,,,,,,,,,,,,,,,,,,,,,,,,,,,,,,,,,,,,,,,,,,,,,,,,,,,,,,,,,,,,,,,,,,,,,,,,,,,,,,,,,,,,,,,,,,,,,,,,,,,,,,,,,,,,,,,,,,,,,,,,,,,,,,,,,,,,,,,,,,,,,,,,,,,,,,,,,,,,,,,,,,,,,,,,,,,,,,,,,,,,,,,,,,,,,,,,,,,,,,,,,,,,,,,,,,,,,,,,,,,,,,,,,,,,,,,,,,,,,,,,,,,,,,,,,,,,,,,,,,,,,,,,,,,,,,,,,,,,,,,,,,,,,,,,,,,,,,,,,,,,,,,,,,,,,,,,,,,,,,,,,,,,,,,,,,,,,,,,,,,,,,,,,,,,,,,,,,,,,,,,,,,,,,,,,,,,,,,,,,,,,,,,,,,,,,,,,,,,,,,,,,,,,,,,,,,,,,,,,,,,,,,,,,,,,,,,,,,,,,,,,,,,,,,,,,,,,
Academic,Graduate Student,No experience,78.95,105,0.1,DMAc,tBPh-CPhos,KOAc,41.9,105,0.1,DMAc,P(fur)3,KOAc,7.26,105,0.1,DMAc,PCy3 HBF4,KOAc,28.15,105,0.1,DMAc,PPh3,KOAc,0,105,0.1,DMAc,PPhMe2,KOAc,65.37,105,0.1,DMAc,X-Phos,KOAc,5.47,105,0.1,DMAc,BrettPhos,KOAc,75.22,105,0.1,DMAc,JackiePhos,KOAc,6.39,105,0.1,p-Xylene,tBPh-CPhos,KOAc,0,105,0.1,BuOAc,tBPh-CPhos,KOAc,6.17,105,0.1,BuCN,tBPh-CPhos,KOAc,68.71,105,0.057,DMAc,tBPh-CPhos,KOAc,57.33,105,0.153,DMAc,tBPh-CPhos,KOAc,82.09,120,0.1,DMAc,tBPh-CPhos,KOAc,29.31,105,0.1,DMAc,tBPh-CPhos,CsOAc,28.64,105,0.1,DMAc,tBPh-CPhos,KOPiv,47.03,90,0.1,DMAc,tBPh-CPhos,KOAc,75.12,120,0.1,DMAc,JackiePhos,KOAc,20.08,120,0.1,BuCN,JackiePhos,KOAc,7.03,120,0.1,p-Xylene,JackiePhos,KOAc,,,,,,,,,,,,,,,,,,,,,,,,,,,,,,,,,,,,,,,,,,,,,,,,,,,,,,,,,,,,,,,,,,,,,,,,,,,,,,,,,,,,,,,,,,,,,,,,,,,,,,,,,,,,,,,,,,,,,,,,,,,,,,,,,,,,,,,,,,,,,,,,,,,,,,,,,,,,,,,,,,,,,,,,,,,,,,,,,,,,,,,,,,,,,,,,,,,,,,,,,,,,,,,,,,,,,,,,,,,,,,,,,,,,,,,,,,,,,,,,,,,,,,,,,,,,,,,,,,,,,,,,,,,,,,,,,,,,,,,,,,,,,,,,,,,,,,,,,,,,,,,,,,,,,,,,,,,,,,,,,,,,,,,,,,,,,,,,,,,,,,,,,,,,,,,,,,,,,,,,,,,,,,,,,,,,,,,,,,,,,,,,,,,,,,,,,,,,,,,,,,,,,,,,,,,,,,,,,,,,,,,,,,,,,,,,,,,,,,,,,,,,,,,,,,,,,,,,,,,,,,,,,,,,,,,,,,,,,,,,
Academic,Postdoc,1_5 years,50.54,105,0.1,DMAc,JackiePhos,KOPiv,38.15,105,0.1,DMAc,GorlosPhos HBF4,KOPiv,73.59,105,0.1,DMAc,P(fur)3,KOPiv,0.07,105,0.1,DMAc,BrettPhos,KOPiv,89.76,105,0.1,DMAc,CgMe-PPh,KOPiv,55.7,90,0.1,DMAc,CgMe-PPh,KOPiv,87.59,120,0.1,DMAc,CgMe-PPh,KOPiv,90.39,105,0.057,DMAc,CgMe-PPh,KOPiv,98.49,105,0.153,DMAc,CgMe-PPh,KOPiv,32.37,105,0.1,p-Xylene,CgMe-PPh,KOPiv,99.81,120,0.153,DMAc,CgMe-PPh,KOPiv,100,105,0.153,DMAc,CgMe-PPh,CsOPiv,87,105,0.153,DMAc,CgMe-PPh,KOAc,100,105,0.153,DMAc,CgMe-PPh,CsOAc,32.43,105,0.153,BuOAc,CgMe-PPh,KOPiv,99.81,120,0.153,DMAc,CgMe-PPh,KOPiv,,,,,,,,,,,,,,,,,,,,,,,,,,,,,,,,,,,,,,,,,,,,,,,,,,,,,,,,,,,,,,,,,,,,,,,,,,,,,,,,,,,,,,,,,,,,,,,,,,,,,,,,,,,,,,,,,,,,,,,,,,,,,,,,,,,,,,,,,,,,,,,,,,,,,,,,,,,,,,,,,,,,,,,,,,,,,,,,,,,,,,,,,,,,,,,,,,,,,,,,,,,,,,,,,,,,,,,,,,,,,,,,,,,,,,,,,,,,,,,,,,,,,,,,,,,,,,,,,,,,,,,,,,,,,,,,,,,,,,,,,,,,,,,,,,,,,,,,,,,,,,,,,,,,,,,,,,,,,,,,,,,,,,,,,,,,,,,,,,,,,,,,,,,,,,,,,,,,,,,,,,,,,,,,,,,,,,,,,,,,,,,,,,,,,,,,,,,,,,,,,,,,,,,,,,,,,,,,,,,,,,,,,,,,,,,,,,,,,,,,,,,,,,,,,,,,,,,,,,,,,,,,,,,,,,,,,,,,,,,,,,,,,,,,,,,,,,,,,,,,,,,,
Academic,Graduate Student,1_5 years,45.21,105,0.1,DMAc,P(fur)3,CsOAc,45.01,105,0.1,BuOAc,CgMe-PPh,CsOAc,12.83,105,0.1,DMAc,PCy3 HBF4,CsOAc,83.83,105,0.1,BuCN,X-Phos,CsOAc,0.35,105,0.1,BuCN,PCy3 HBF4,KOPiv,64.48,105,0.1,BuCN,BrettPhos,CsOAc,77.01,120,0.153,BuCN,X-Phos,CsOAc,70.8,120,0.153,p-Xylene,X-Phos,CsOAc,78.44,120,0.153,BuCN,X-Phos,CsOPiv,71.43,120,0.153,BuCN,X-Phos,KOPiv,72.9,90,0.057,BuCN,X-Phos,CsOAc,0,105,0.1,BuCN,PPhtBu2,CsOAc,26.69,105,0.1,BuCN,JackiePhos,CsOAc,5.88,105,0.1,BuCN,tBPh-CPhos,CsOAc,33.34,105,0.1,BuCN,GorlosPhos HBF4,CsOAc,86.43,105,0.1,BuOAc,X-Phos,CsOAc,87.83,105,0.1,DMAc,X-Phos,CsOAc,65.37,105,0.1,DMAc,X-Phos,KOAc,77.41,105,0.1,DMAc,X-Phos,KOPiv,59.92,105,0.1,BuOAc,X-Phos,CsOPiv,84.49,120,0.153,DMAc,X-Phos,CsOAc,89.17,105,0.057,DMAc,X-Phos,CsOAc,84.17,90,0.1,DMAc,X-Phos,CsOAc,67.17,105,0.1,p-Xylene,X-Phos,CsOAc,53.63,105,0.1,p-Xylene,X-Phos,CsOPiv,88.41,120,0.057,DMAc,X-Phos,CsOAc,79.33,90,0.057,DMAc,X-Phos,CsOAc,61,105,0.057,DMAc,X-Phos,KOPiv,30.21,105,0.057,DMAc,X-Phos,CsOPiv,38.48,120,0.057,DMAc,X-Phos,CsOPiv,36.65,105,0.057,BuCN,X-Phos,CsOPiv,72.89,105,0.057,BuCN,X-Phos,CsOAc,72.21,120,0.057,BuCN,X-Phos,CsOAc,31.51,120,0.057,BuCN,X-Phos,CsOPiv,22.87,120,0.057,BuOAc,X-Phos,CsOPiv,,,,,,,,,,,,,,,,,,,,,,,,,,,,,,,,,,,,,,,,,,,,,,,,,,,,,,,,,,,,,,,,,,,,,,,,,,,,,,,,,,,,,,,,,,,,,,,,,,,,,,,,,,,,,,,,,,,,,,,,,,,,,,,,,,,,,,,,,,,,,,,,,,,,,,,,,,,,,,,,,,,,,,,,,,,,,,,,,,,,,,,,,,,,,,,,,,,,,,,,,,,,,,,,,,,,,,,,,,,,,,,,,,,,,,,,,,,,,,,,,,,,,,,,,,,,,,,,,,,,,,,,,,,,,,,,,,,,,,,,,,,,,,,,,,,,,,,,,,,,,,,,,,,,,,,,,,,,,,,,,,,,,,,,,,,,,,,,,,,,,,,,,,,,,,,,,,,,,,,,,,,,,,,,,,,,,,,,,,,,,,,,,,,,,,
Academic,Graduate Student,1_5 years,5.95,120,0.153,DMAc,BrettPhos,KOAc,84.67,120,0.153,DMAc,X-Phos,KOAc,85.21,120,0.153,DMAc,JackiePhos,KOAc,76.59,120,0.153,DMAc,tBPh-CPhos,KOAc,4.3,120,0.153,DMAc,PPhtBu2,KOAc,36.97,90,0.153,DMAc,JackiePhos,KOAc,43.12,120,0.153,DMAc,JackiePhos,KOPiv,39.57,120,0.153,DMAc,JackiePhos,CsOAc,5.65,120,0.153,DMAc,JackiePhos,CsOPiv,63.88,105,0.153,DMAc,JackiePhos,KOAc,20.72,120,0.153,BuCN,JackiePhos,KOAc,6.48,120,0.153,BuOAc,JackiePhos,KOAc,7.88,120,0.153,p-Xylene,JackiePhos,KOAc,7.03,120,0.1,p-Xylene,JackiePhos,KOAc,5.4,120,0.057,p-Xylene,JackiePhos,KOAc,98.38,120,0.153,DMAc,CgMe-PPh,KOAc,52.08,120,0.153,DMAc,P(fur)3,KOAc,14.06,120,0.153,DMAc,GorlosPhos HBF4,KOAc,51.83,120,0.153,DMAc,PPh3,KOAc,2.78,120,0.153,DMAc,PPhMe2,KOAc,87,105,0.153,DMAc,CgMe-PPh,KOAc,28.9,90,0.153,DMAc,CgMe-PPh,KOAc,19.99,90,0.153,BuCN,CgMe-PPh,KOAc,80.86,120,0.153,BuCN,CgMe-PPh,KOAc,99.98,120,0.153,BuCN,CgMe-PPh,CsOAc,71.81,120,0.153,BuCN,CgMe-PPh,CsOPiv,62.33,120,0.153,BuOAc,CgMe-PPh,CsOAc,91.19,120,0.153,p-Xylene,CgMe-PPh,CsOAc,71.81,120,0.153,BuCN,CgMe-PPh,CsOPiv,26.69,120,0.153,BuOAc,CgMe-PPh,CsOPiv,19.13,120,0.153,p-Xylene,CgMe-PPh,CsOPiv,,,,,,,,,,,,,,,,,,,,,,,,,,,,,,,,,,,,,,,,,,,,,,,,,,,,,,,,,,,,,,,,,,,,,,,,,,,,,,,,,,,,,,,,,,,,,,,,,,,,,,,,,,,,,,,,,,,,,,,,,,,,,,,,,,,,,,,,,,,,,,,,,,,,,,,,,,,,,,,,,,,,,,,,,,,,,,,,,,,,,,,,,,,,,,,,,,,,,,,,,,,,,,,,,,,,,,,,,,,,,,,,,,,,,,,,,,,,,,,,,,,,,,,,,,,,,,,,,,,,,,,,,,,,,,,,,,,,,,,,,,,,,,,,,,,,,,,,,,,,,,,,,,,,,,,,,,,,,,,,,,,,,,,,,,,,,,,,,,,,,,,,,,,,,,,,,,,,,,,,,,,,,,,,,,,,,,,,,,,,,,,,,,,,,,,,,,,,,,,,,,,,,,,,,,,,,,
Academic,Graduate Student,1_5 years,84.49,120,0.153,DMAc,X-Phos,CsOAc,40.26,120,0.153,DMAc,GorlosPhos HBF4,CsOAc,18.61,120,0.153,DMAc,PCy3 HBF4,CsOAc,32.21,120,0.153,DMAc,tBPh-CPhos,CsOAc,0.51,120,0.153,DMAc,PPhtBu2,CsOAc,84.67,120,0.153,DMAc,X-Phos,KOAc,80.39,120,0.153,DMAc,X-Phos,KOPiv,48.34,120,0.153,DMAc,X-Phos,CsOPiv,84.81,120,0.1,DMAc,X-Phos,CsOAc,84.48,105,0.153,DMAc,X-Phos,CsOAc,7.43,120,0.153,DMAc,BrettPhos,CsOAc,39.57,120,0.153,DMAc,JackiePhos,CsOAc,99.22,120,0.153,DMAc,CgMe-PPh,CsOAc,77.01,120,0.153,BuCN,X-Phos,CsOAc,6.23,120,0.153,BuOAc,X-Phos,CsOAc,99.98,120,0.153,BuCN,CgMe-PPh,CsOAc,62.33,120,0.153,BuOAc,CgMe-PPh,CsOAc,91.19,120,0.153,p-Xylene,CgMe-PPh,CsOAc,92.19,120,0.153,DMAc,CgMe-PPh,CsOPiv,99.81,120,0.153,DMAc,CgMe-PPh,KOPiv,,,,,,,,,,,,,,,,,,,,,,,,,,,,,,,,,,,,,,,,,,,,,,,,,,,,,,,,,,,,,,,,,,,,,,,,,,,,,,,,,,,,,,,,,,,,,,,,,,,,,,,,,,,,,,,,,,,,,,,,,,,,,,,,,,,,,,,,,,,,,,,,,,,,,,,,,,,,,,,,,,,,,,,,,,,,,,,,,,,,,,,,,,,,,,,,,,,,,,,,,,,,,,,,,,,,,,,,,,,,,,,,,,,,,,,,,,,,,,,,,,,,,,,,,,,,,,,,,,,,,,,,,,,,,,,,,,,,,,,,,,,,,,,,,,,,,,,,,,,,,,,,,,,,,,,,,,,,,,,,,,,,,,,,,,,,,,,,,,,,,,,,,,,,,,,,,,,,,,,,,,,,,,,,,,,,,,,,,,,,,,,,,,,,,,,,,,,,,,,,,,,,,,,,,,,,,,,,,,,,,,,,,,,,,,,,,,,,,,,,,,,,,,,,,,,,,,,,,,,,,,,,,,,,,,,,,,,,,,,,
Academic,Postdoc,5_10 years,48.21,90,0.1,BuCN,BrettPhos,CsOAc,64.48,105,0.1,BuCN,BrettPhos,CsOAc,69.13,120,0.1,BuCN,BrettPhos,CsOAc,23.5,120,0.1,BuCN,JackiePhos,CsOAc,7.69,120,0.1,BuCN,tBPh-CPhos,CsOAc,88.82,120,0.1,BuCN,CgMe-PPh,CsOAc,70.51,120,0.1,BuCN,CgMe-PPh,KOPiv,67.57,120,0.1,BuCN,CgMe-PPh,KOAc,71.57,120,0.1,BuCN,CgMe-PPh,CsOPiv,50.74,120,0.057,BuCN,CgMe-PPh,CsOAc,81.63,120,0.1,DMAc,CgMe-PPh,CsOAc,57.84,120,0.1,BuOAc,CgMe-PPh,CsOAc,62.73,120,0.1,p-Xylene,CgMe-PPh,CsOAc,8.31,120,0.1,p-Xylene,JackiePhos,CsOAc,21.42,120,0.1,p-Xylene,GorlosPhos HBF4,CsOAc,0,120,0.1,BuCN,PPhtBu2,CsOAc,7.69,120,0.1,BuCN,tBPh-CPhos,CsOAc,3.8,120,0.1,BuCN,PCy3 HBF4,CsOAc,13.09,120,0.1,BuCN,PPh3,CsOAc,13.75,120,0.1,BuCN,P(fur)3,CsOAc,,,,,,,,,,,,,,,,,,,,,,,,,,,,,,,,,,,,,,,,,,,,,,,,,,,,,,,,,,,,,,,,,,,,,,,,,,,,,,,,,,,,,,,,,,,,,,,,,,,,,,,,,,,,,,,,,,,,,,,,,,,,,,,,,,,,,,,,,,,,,,,,,,,,,,,,,,,,,,,,,,,,,,,,,,,,,,,,,,,,,,,,,,,,,,,,,,,,,,,,,,,,,,,,,,,,,,,,,,,,,,,,,,,,,,,,,,,,,,,,,,,,,,,,,,,,,,,,,,,,,,,,,,,,,,,,,,,,,,,,,,,,,,,,,,,,,,,,,,,,,,,,,,,,,,,,,,,,,,,,,,,,,,,,,,,,,,,,,,,,,,,,,,,,,,,,,,,,,,,,,,,,,,,,,,,,,,,,,,,,,,,,,,,,,,,,,,,,,,,,,,,,,,,,,,,,,,,,,,,,,,,,,,,,,,,,,,,,,,,,,,,,,,,,,,,,,,,,,,,,,,,,,,,,,,,,,,,,,,,,
Academic,Graduate Student,No experience,5.95,120,0.153,DMAc,BrettPhos,KOAc,4.3,120,0.153,DMAc,PPhtBu2,KOAc,76.59,120,0.153,DMAc,tBPh-CPhos,KOAc,11.91,120,0.153,DMAc,PCy3 HBF4,KOAc,51.83,120,0.153,DMAc,PPh3,KOAc,84.67,120,0.153,DMAc,X-Phos,KOAc,52.08,120,0.153,DMAc,P(fur)3,KOAc,7.5,120,0.153,DMAc,PPh2Me,KOAc,14.06,120,0.153,DMAc,GorlosPhos HBF4,KOAc,85.21,120,0.153,DMAc,JackiePhos,KOAc,98.38,120,0.153,DMAc,CgMe-PPh,KOAc,2.78,120,0.153,DMAc,PPhMe2,KOAc,43.12,120,0.153,DMAc,JackiePhos,KOPiv,39.57,120,0.153,DMAc,JackiePhos,CsOAc,5.65,120,0.153,DMAc,JackiePhos,CsOPiv,99.81,120,0.153,DMAc,CgMe-PPh,KOPiv,99.22,120,0.153,DMAc,CgMe-PPh,CsOAc,92.19,120,0.153,DMAc,CgMe-PPh,CsOPiv,80.86,120,0.153,BuCN,CgMe-PPh,KOAc,52.47,120,0.153,BuOAc,CgMe-PPh,KOAc,80.65,120,0.153,BuCN,CgMe-PPh,KOPiv,45.73,120,0.153,BuOAc,CgMe-PPh,KOPiv,44.47,120,0.153,p-Xylene,CgMe-PPh,KOPiv,89.95,120,0.057,DMAc,CgMe-PPh,KOPiv,87.59,120,0.1,DMAc,CgMe-PPh,KOPiv,61.09,90,0.153,DMAc,CgMe-PPh,KOPiv,98.49,105,0.153,DMAc,CgMe-PPh,KOPiv,62.75,90,0.057,DMAc,CgMe-PPh,KOPiv,90.39,105,0.057,DMAc,CgMe-PPh,KOPiv,55.7,90,0.1,DMAc,CgMe-PPh,KOPiv,20.72,120,0.153,BuCN,JackiePhos,KOAc,6.48,120,0.153,BuOAc,JackiePhos,KOAc,7.88,120,0.153,p-Xylene,JackiePhos,KOAc,75.12,120,0.1,DMAc,JackiePhos,KOAc,89.14,120,0.057,DMAc,JackiePhos,KOAc,,,,,,,,,,,,,,,,,,,,,,,,,,,,,,,,,,,,,,,,,,,,,,,,,,,,,,,,,,,,,,,,,,,,,,,,,,,,,,,,,,,,,,,,,,,,,,,,,,,,,,,,,,,,,,,,,,,,,,,,,,,,,,,,,,,,,,,,,,,,,,,,,,,,,,,,,,,,,,,,,,,,,,,,,,,,,,,,,,,,,,,,,,,,,,,,,,,,,,,,,,,,,,,,,,,,,,,,,,,,,,,,,,,,,,,,,,,,,,,,,,,,,,,,,,,,,,,,,,,,,,,,,,,,,,,,,,,,,,,,,,,,,,,,,,,,,,,,,,,,,,,,,,,,,,,,,,,,,,,,,,,,,,,,,,,,,,,,,,,,,,,,,,,,,,,,,,,,,,,,,,,,,,,,,,,,,,,,,,,,,,,,,,,,,,
Other,Graduate Student,1_5 years,98.38,120,0.153,DMAc,CgMe-PPh,KOAc,87,105,0.153,DMAc,CgMe-PPh,KOAc,28.9,90,0.153,DMAc,CgMe-PPh,KOAc,99.81,120,0.153,DMAc,CgMe-PPh,KOPiv,99.22,120,0.153,DMAc,CgMe-PPh,CsOAc,92.19,120,0.153,DMAc,CgMe-PPh,CsOPiv,83.85,120,0.1,DMAc,CgMe-PPh,CsOPiv,92.03,120,0.057,DMAc,CgMe-PPh,CsOPiv,75.46,120,0.057,BuCN,CgMe-PPh,CsOPiv,71.81,120,0.153,BuCN,CgMe-PPh,CsOPiv,,,,,,,,,,,,,,,,,,,,,,,,,,,,,,,,,,,,,,,,,,,,,,,,,,,,,,,,,,,,,,,,,,,,,,,,,,,,,,,,,,,,,,,,,,,,,,,,,,,,,,,,,,,,,,,,,,,,,,,,,,,,,,,,,,,,,,,,,,,,,,,,,,,,,,,,,,,,,,,,,,,,,,,,,,,,,,,,,,,,,,,,,,,,,,,,,,,,,,,,,,,,,,,,,,,,,,,,,,,,,,,,,,,,,,,,,,,,,,,,,,,,,,,,,,,,,,,,,,,,,,,,,,,,,,,,,,,,,,,,,,,,,,,,,,,,,,,,,,,,,,,,,,,,,,,,,,,,,,,,,,,,,,,,,,,,,,,,,,,,,,,,,,,,,,,,,,,,,,,,,,,,,,,,,,,,,,,,,,,,,,,,,,,,,,,,,,,,,,,,,,,,,,,,,,,,,,,,,,,,,,,,,,,,,,,,,,,,,,,,,,,,,,,,,,,,,,,,,,,,,,,,,,,,,,,,,,,,,,,,,,,,,,,,,,,,,,,,,,,,,,,,,,,,,,,,,,,,,,,,,,,,,,,,,,,,,,,,,,,,
Academic,Faculty,No experience,0,120,0.1,DMAc,BrettPhos,CsOPiv,27.93,120,0.1,DMAc,PCy3 HBF4,CsOPiv,76.33,120,0.1,DMAc,PPh3,CsOPiv,48.15,120,0.1,DMAc,X-Phos,CsOPiv,0,120,0.1,DMAc,PPhMe2,CsOPiv,87.32,120,0.1,DMAc,PPh3,CsOAc,86.46,120,0.1,DMAc,PPh3,KOPiv,74.04,120,0.1,DMAc,PPh3,KOAc,33.59,90,0.1,DMAc,PPh3,CsOPiv,52.05,105,0.1,DMAc,PPh3,CsOPiv,16.64,120,0.1,p-Xylene,PPh3,CsOAc,13.09,120,0.1,BuCN,PPh3,CsOAc,4.94,120,0.1,BuOAc,PPh3,CsOAc,89.71,120,0.057,DMAc,PPh3,CsOAc,78.19,120,0.153,DMAc,PPh3,CsOAc,86.46,120,0.1,DMAc,PPh3,KOPiv,81.48,120,0.057,DMAc,JackiePhos,CsOAc,78.6,120,0.057,DMAc,P(fur)3,CsOAc,18.16,120,0.057,DMAc,PPh2Me,CsOAc,66.84,120,0.057,DMAc,tBPh-CPhos,CsOAc,95.48,120,0.057,DMAc,CgMe-PPh,CsOAc,89.95,120,0.057,DMAc,CgMe-PPh,KOPiv,81.63,120,0.1,DMAc,CgMe-PPh,CsOAc,99.22,120,0.153,DMAc,CgMe-PPh,CsOAc,87.59,120,0.1,DMAc,CgMe-PPh,KOPiv,99.81,120,0.153,DMAc,CgMe-PPh,KOPiv,,,,,,,,,,,,,,,,,,,,,,,,,,,,,,,,,,,,,,,,,,,,,,,,,,,,,,,,,,,,,,,,,,,,,,,,,,,,,,,,,,,,,,,,,,,,,,,,,,,,,,,,,,,,,,,,,,,,,,,,,,,,,,,,,,,,,,,,,,,,,,,,,,,,,,,,,,,,,,,,,,,,,,,,,,,,,,,,,,,,,,,,,,,,,,,,,,,,,,,,,,,,,,,,,,,,,,,,,,,,,,,,,,,,,,,,,,,,,,,,,,,,,,,,,,,,,,,,,,,,,,,,,,,,,,,,,,,,,,,,,,,,,,,,,,,,,,,,,,,,,,,,,,,,,,,,,,,,,,,,,,,,,,,,,,,,,,,,,,,,,,,,,,,,,,,,,,,,,,,,,,,,,,,,,,,,,,,,,,,,,,,,,,,,,,,,,,,,,,,,,,,,,,,,,,,,,,,,,,,,,,,,,,,,,,,,,,,,,,,,,,,,
Pharma,Med Chemist,1_5 years,1.92,105,0.1,BuOAc,PPh3,KOPiv,0,105,0.1,BuOAc,PCy3 HBF4,KOPiv,0,105,0.1,BuOAc,PCy3 HBF4,CsOAc,4.22,105,0.1,BuOAc,PPh3,CsOAc,4.48,120,0.1,p-Xylene,PPh3,KOPiv,0,120,0.057,p-Xylene,GorlosPhos HBF4,KOAc,89.14,120,0.057,DMAc,JackiePhos,KOAc,2.45,120,0.057,BuOAc,JackiePhos,CsOAc,7.42,120,0.057,BuCN,tBPh-CPhos,CsOAc,15.98,120,0.057,p-Xylene,tBPh-CPhos,CsOAc,21.88,120,0.057,BuCN,JackiePhos,KOAc,5.16,120,0.057,BuOAc,JackiePhos,KOAc,5.4,120,0.057,p-Xylene,JackiePhos,KOAc,87.62,105,0.057,DMAc,JackiePhos,KOAc,85.21,120,0.153,DMAc,JackiePhos,KOAc,81.48,120,0.057,DMAc,JackiePhos,CsOAc,22.07,120,0.057,DMAc,JackiePhos,CsOPiv,72.24,90,0.057,DMAc,JackiePhos,KOAc,36.97,90,0.153,DMAc,JackiePhos,KOAc,45.87,90,0.1,DMAc,JackiePhos,KOAc,71.97,105,0.057,DMAc,JackiePhos,CsOAc,39.57,120,0.153,DMAc,JackiePhos,CsOAc,75.12,120,0.1,DMAc,JackiePhos,KOAc,5.65,120,0.153,DMAc,JackiePhos,CsOPiv,9.52,105,0.057,DMAc,JackiePhos,CsOPiv,82.13,120,0.057,DMAc,JackiePhos,KOPiv,54.07,105,0.057,DMAc,JackiePhos,KOPiv,43.12,120,0.153,DMAc,JackiePhos,KOPiv,11.68,105,0.153,DMAc,JackiePhos,KOPiv,70.26,120,0.1,DMAc,JackiePhos,KOPiv,62.04,120,0.057,DMAc,P(fur)3,KOAc,45.85,120,0.057,DMAc,PPh3,KOAc,12.01,120,0.057,DMAc,PPh2Me,KOAc,88.89,120,0.057,DMAc,tBPh-CPhos,KOAc,3.14,120,0.057,DMAc,BrettPhos,KOAc,77.58,120,0.057,DMAc,X-Phos,KOAc,3.33,120,0.057,DMAc,PPhMe2,KOAc,2.13,120,0.057,DMAc,PPhtBu2,KOAc,96.64,120,0.057,DMAc,CgMe-PPh,KOAc,13.87,120,0.057,DMAc,GorlosPhos HBF4,KOAc,67.21,105,0.057,DMAc,CgMe-PPh,KOAc,30.41,90,0.057,DMAc,CgMe-PPh,KOAc,98.38,120,0.153,DMAc,CgMe-PPh,KOAc,87,105,0.153,DMAc,CgMe-PPh,KOAc,89.95,120,0.057,DMAc,CgMe-PPh,KOPiv,,,,,,,,,,,,,,,,,,,,,,,,,,,,,,,,,,,,,,,,,,,,,,,,,,,,,,,,,,,,,,,,,,,,,,,,,,,,,,,,,,,,,,,,,,,,,,,,,,,,,,,,,,,,,,,,,,,,,,,,,,,,,,,,,,,,,,,,,,,,,,,,,,,,,,,,,,,,,,,,,,,,,,,,,,,,,,,,,,,,,,,,,,,,,,,,,,,,,,,,,,,,,,,,,,,,,,,,,,,,,,,,,,,,,,,,,,,,,,,,,,,,,,,,,,,,,,,,,,,,,,,,,,,,,,,,,,,,,,,,,,,,,,,,,,,,,,,,,,,,,,,,,,,,,,,,,,,,,,,,,,,,,,,,,,
Pharma,Med Chemist,5_10 years,80.61,120,0.1,DMAc,X-Phos,KOPiv,0.26,120,0.1,DMAc,BrettPhos,KOPiv,47.58,120,0.1,DMAc,PCy3 HBF4,KOPiv,70.26,120,0.1,DMAc,JackiePhos,KOPiv,28.53,120,0.1,DMAc,PPhtBu2,KOPiv,50.93,120,0.1,BuCN,X-Phos,KOPiv,66.49,120,0.1,BuOAc,X-Phos,KOPiv,44.74,120,0.1,p-Xylene,X-Phos,KOPiv,48.15,120,0.1,DMAc,X-Phos,CsOPiv,88.41,120,0.1,DMAc,X-Phos,KOAc,84.81,120,0.1,DMAc,X-Phos,CsOAc,55.4,105,0.057,DMAc,X-Phos,KOAc,48.86,105,0.153,DMAc,X-Phos,KOAc,65.37,105,0.1,DMAc,X-Phos,KOAc,77.58,120,0.057,DMAc,X-Phos,KOAc,84.67,120,0.153,DMAc,X-Phos,KOAc,,,,,,,,,,,,,,,,,,,,,,,,,,,,,,,,,,,,,,,,,,,,,,,,,,,,,,,,,,,,,,,,,,,,,,,,,,,,,,,,,,,,,,,,,,,,,,,,,,,,,,,,,,,,,,,,,,,,,,,,,,,,,,,,,,,,,,,,,,,,,,,,,,,,,,,,,,,,,,,,,,,,,,,,,,,,,,,,,,,,,,,,,,,,,,,,,,,,,,,,,,,,,,,,,,,,,,,,,,,,,,,,,,,,,,,,,,,,,,,,,,,,,,,,,,,,,,,,,,,,,,,,,,,,,,,,,,,,,,,,,,,,,,,,,,,,,,,,,,,,,,,,,,,,,,,,,,,,,,,,,,,,,,,,,,,,,,,,,,,,,,,,,,,,,,,,,,,,,,,,,,,,,,,,,,,,,,,,,,,,,,,,,,,,,,,,,,,,,,,,,,,,,,,,,,,,,,,,,,,,,,,,,,,,,,,,,,,,,,,,,,,,,,,,,,,,,,,,,,,,,,,,,,,,,,,,,,,,,,,,,,,,,,,,,,,,,,,,,,,,,,,,
Academic,Graduate Student,1_5 years,3.21,105,0.1,BuCN,PPh3,CsOAc,62.82,105,0.1,DMAc,PPh3,CsOAc,4.22,105,0.1,BuOAc,PPh3,CsOAc,10.5,105,0.1,p-Xylene,PPh3,CsOAc,52.05,105,0.1,DMAc,PPh3,CsOPiv,87.83,105,0.1,DMAc,X-Phos,CsOAc,4.74,105,0.1,DMAc,BrettPhos,CsOAc,29.31,105,0.1,DMAc,tBPh-CPhos,CsOAc,41,105,0.1,DMAc,JackiePhos,CsOAc,45.21,105,0.1,DMAc,P(fur)3,CsOAc,84.17,90,0.1,DMAc,X-Phos,CsOAc,84.81,120,0.1,DMAc,X-Phos,CsOAc,89.17,105,0.057,DMAc,X-Phos,CsOAc,84.48,105,0.153,DMAc,X-Phos,CsOAc,65.37,105,0.1,DMAc,X-Phos,KOAc,,,,,,,,,,,,,,,,,,,,,,,,,,,,,,,,,,,,,,,,,,,,,,,,,,,,,,,,,,,,,,,,,,,,,,,,,,,,,,,,,,,,,,,,,,,,,,,,,,,,,,,,,,,,,,,,,,,,,,,,,,,,,,,,,,,,,,,,,,,,,,,,,,,,,,,,,,,,,,,,,,,,,,,,,,,,,,,,,,,,,,,,,,,,,,,,,,,,,,,,,,,,,,,,,,,,,,,,,,,,,,,,,,,,,,,,,,,,,,,,,,,,,,,,,,,,,,,,,,,,,,,,,,,,,,,,,,,,,,,,,,,,,,,,,,,,,,,,,,,,,,,,,,,,,,,,,,,,,,,,,,,,,,,,,,,,,,,,,,,,,,,,,,,,,,,,,,,,,,,,,,,,,,,,,,,,,,,,,,,,,,,,,,,,,,,,,,,,,,,,,,,,,,,,,,,,,,,,,,,,,,,,,,,,,,,,,,,,,,,,,,,,,,,,,,,,,,,,,,,,,,,,,,,,,,,,,,,,,,,,,,,,,,,,,,,,,,,,,,,,,,,,,,,,,,
Academic,Graduate Student,1_5 years,0.55,105,0.1,p-Xylene,PCy3 HBF4,CsOAc,14.97,105,0.1,p-Xylene,GorlosPhos HBF4,CsOAc,10.5,105,0.1,p-Xylene,PPh3,CsOAc,67.17,105,0.1,p-Xylene,X-Phos,CsOAc,0,105,0.1,p-Xylene,PPhtBu2,CsOAc,68.35,105,0.1,p-Xylene,CgMe-PPh,CsOAc,87.83,105,0.1,DMAc,X-Phos,CsOAc,83.83,105,0.1,BuCN,X-Phos,CsOAc,86.43,105,0.1,BuOAc,X-Phos,CsOAc,40.03,105,0.1,p-Xylene,BrettPhos,CsOAc,65.37,105,0.1,DMAc,X-Phos,KOAc,77.41,105,0.1,DMAc,X-Phos,KOPiv,29.16,105,0.1,DMAc,X-Phos,CsOPiv,84.17,90,0.1,DMAc,X-Phos,CsOAc,84.81,120,0.1,DMAc,X-Phos,CsOAc,88.41,120,0.057,DMAc,X-Phos,CsOAc,84.49,120,0.153,DMAc,X-Phos,CsOAc,84.48,105,0.153,DMAc,X-Phos,CsOAc,89.17,105,0.057,DMAc,X-Phos,CsOAc,86.14,90,0.153,DMAc,X-Phos,CsOAc,79.33,90,0.057,DMAc,X-Phos,CsOAc,42.43,105,0.057,DMAc,tBPh-CPhos,CsOAc,1.85,105,0.057,DMAc,BrettPhos,CsOAc,71.97,105,0.057,DMAc,JackiePhos,CsOAc,44.25,105,0.057,DMAc,P(fur)3,CsOAc,20.41,105,0.057,DMAc,PPh2Me,CsOAc,12.61,105,0.057,DMAc,GorlosPhos HBF4,CsOAc,91.39,105,0.057,DMAc,CgMe-PPh,CsOAc,0,105,0.057,DMAc,PPhMe2,CsOAc,0,105,0.057,DMAc,PPhtBu2,CsOAc,67.85,105,0.057,BuCN,CgMe-PPh,CsOAc,38.53,105,0.057,BuOAc,CgMe-PPh,CsOAc,41.1,105,0.057,p-Xylene,CgMe-PPh,CsOAc,83.25,105,0.1,DMAc,CgMe-PPh,CsOAc,100,105,0.153,DMAc,CgMe-PPh,CsOAc,,,,,,,,,,,,,,,,,,,,,,,,,,,,,,,,,,,,,,,,,,,,,,,,,,,,,,,,,,,,,,,,,,,,,,,,,,,,,,,,,,,,,,,,,,,,,,,,,,,,,,,,,,,,,,,,,,,,,,,,,,,,,,,,,,,,,,,,,,,,,,,,,,,,,,,,,,,,,,,,,,,,,,,,,,,,,,,,,,,,,,,,,,,,,,,,,,,,,,,,,,,,,,,,,,,,,,,,,,,,,,,,,,,,,,,,,,,,,,,,,,,,,,,,,,,,,,,,,,,,,,,,,,,,,,,,,,,,,,,,,,,,,,,,,,,,,,,,,,,,,,,,,,,,,,,,,,,,,,,,,,,,,,,,,,,,,,,,,,,,,,,,,,,,,,,,,,,,,,,,,,,,,,,,,,,,,,,,,,,,,,,,,,,,,,
Academic,Faculty,Above 10 years,16.47,120,0.1,BuCN,JackiePhos,KOPiv,6.44,120,0.1,BuCN,tBPh-CPhos,KOPiv,50.79,120,0.1,BuCN,BrettPhos,KOPiv,70.51,120,0.1,BuCN,CgMe-PPh,KOPiv,50.93,120,0.1,BuCN,X-Phos,KOPiv,71.57,120,0.1,BuCN,CgMe-PPh,CsOPiv,80.65,120,0.153,BuCN,CgMe-PPh,KOPiv,75.46,120,0.057,BuCN,CgMe-PPh,CsOPiv,11.18,105,0.057,BuCN,CgMe-PPh,CsOPiv,69.2,105,0.153,BuCN,CgMe-PPh,KOPiv,,,,,,,,,,,,,,,,,,,,,,,,,,,,,,,,,,,,,,,,,,,,,,,,,,,,,,,,,,,,,,,,,,,,,,,,,,,,,,,,,,,,,,,,,,,,,,,,,,,,,,,,,,,,,,,,,,,,,,,,,,,,,,,,,,,,,,,,,,,,,,,,,,,,,,,,,,,,,,,,,,,,,,,,,,,,,,,,,,,,,,,,,,,,,,,,,,,,,,,,,,,,,,,,,,,,,,,,,,,,,,,,,,,,,,,,,,,,,,,,,,,,,,,,,,,,,,,,,,,,,,,,,,,,,,,,,,,,,,,,,,,,,,,,,,,,,,,,,,,,,,,,,,,,,,,,,,,,,,,,,,,,,,,,,,,,,,,,,,,,,,,,,,,,,,,,,,,,,,,,,,,,,,,,,,,,,,,,,,,,,,,,,,,,,,,,,,,,,,,,,,,,,,,,,,,,,,,,,,,,,,,,,,,,,,,,,,,,,,,,,,,,,,,,,,,,,,,,,,,,,,,,,,,,,,,,,,,,,,,,,,,,,,,,,,,,,,,,,,,,,,,,,,,,,,,,,,,,,,,,,,,,,,,,,,,,,,,,,,,,
Academic,Postdoc,1_5 years,1.71,90,0.1,DMAc,PCy3 HBF4,KOAc,6.78,105,0.057,BuCN,PPh3,KOPiv,6.23,120,0.153,BuOAc,X-Phos,CsOAc,8.06,105,0.1,p-Xylene,JackiePhos,CsOPiv,45.21,105,0.1,DMAc,P(fur)3,CsOAc,19.97,105,0.1,DMAc,GorlosPhos HBF4,CsOAc,83.25,105,0.1,DMAc,CgMe-PPh,CsOAc,0,105,0.1,DMAc,PPhtBu2,CsOAc,4.74,105,0.1,DMAc,BrettPhos,CsOAc,29.31,105,0.1,DMAc,tBPh-CPhos,CsOAc,80.38,105,0.1,DMAc,CgMe-PPh,KOAc,89.76,105,0.1,DMAc,CgMe-PPh,KOPiv,82.33,105,0.1,BuCN,CgMe-PPh,CsOAc,45.01,105,0.1,BuOAc,CgMe-PPh,CsOAc,68.35,105,0.1,p-Xylene,CgMe-PPh,CsOAc,91.11,105,0.1,DMAc,CgMe-PPh,CsOPiv,90.39,105,0.057,DMAc,CgMe-PPh,KOPiv,98.49,105,0.153,DMAc,CgMe-PPh,KOPiv,55.7,90,0.1,DMAc,CgMe-PPh,KOPiv,87.59,120,0.1,DMAc,CgMe-PPh,KOPiv,100,105,0.153,DMAc,CgMe-PPh,CsOPiv,92.19,120,0.153,DMAc,CgMe-PPh,CsOPiv,100,105,0.153,DMAc,CgMe-PPh,CsOAc,87,105,0.153,DMAc,CgMe-PPh,KOAc,91.06,105,0.057,DMAc,CgMe-PPh,CsOPiv,,,,,,,,,,,,,,,,,,,,,,,,,,,,,,,,,,,,,,,,,,,,,,,,,,,,,,,,,,,,,,,,,,,,,,,,,,,,,,,,,,,,,,,,,,,,,,,,,,,,,,,,,,,,,,,,,,,,,,,,,,,,,,,,,,,,,,,,,,,,,,,,,,,,,,,,,,,,,,,,,,,,,,,,,,,,,,,,,,,,,,,,,,,,,,,,,,,,,,,,,,,,,,,,,,,,,,,,,,,,,,,,,,,,,,,,,,,,,,,,,,,,,,,,,,,,,,,,,,,,,,,,,,,,,,,,,,,,,,,,,,,,,,,,,,,,,,,,,,,,,,,,,,,,,,,,,,,,,,,,,,,,,,,,,,,,,,,,,,,,,,,,,,,,,,,,,,,,,,,,,,,,,,,,,,,,,,,,,,,,,,,,,,,,,,,,,,,,,,,,,,,,,,,,,,,,,,,,,,,,,,,,,,,,,,,,,,,,,,,,,,,,,,,,,,
Academic,Graduate Student,1_5 years,0,105,0.1,DMAc,BrettPhos,CsOPiv,0,105,0.1,DMAc,JackiePhos,CsOPiv,29.16,105,0.1,DMAc,X-Phos,CsOPiv,52.05,105,0.1,DMAc,PPh3,CsOPiv,40.43,105,0.1,DMAc,GorlosPhos HBF4,CsOPiv,39.42,105,0.1,BuCN,GorlosPhos HBF4,CsOPiv,20.63,105,0.1,BuOAc,GorlosPhos HBF4,CsOPiv,9.89,105,0.1,p-Xylene,GorlosPhos HBF4,CsOPiv,24.03,105,0.057,DMAc,GorlosPhos HBF4,CsOPiv,76.34,105,0.153,DMAc,GorlosPhos HBF4,CsOPiv,29.82,105,0.153,BuCN,GorlosPhos HBF4,CsOPiv,23.23,90,0.153,DMAc,GorlosPhos HBF4,CsOPiv,54.83,120,0.153,DMAc,GorlosPhos HBF4,CsOPiv,72.45,105,0.153,DMAc,GorlosPhos HBF4,KOPiv,59.83,105,0.153,DMAc,GorlosPhos HBF4,CsOAc,0,105,0.153,DMAc,BrettPhos,CsOPiv,0,105,0.153,DMAc,PPhtBu2,CsOPiv,6.54,105,0.153,DMAc,tBPh-CPhos,CsOPiv,9.07,105,0.153,DMAc,PCy3 HBF4,CsOPiv,45.28,105,0.153,DMAc,PPh3,CsOPiv,40.06,105,0.153,DMAc,X-Phos,CsOPiv,55.96,105,0.153,DMAc,P(fur)3,CsOPiv,0,105,0.153,DMAc,PPh2Me,CsOPiv,2.84,105,0.153,DMAc,JackiePhos,CsOPiv,100,105,0.153,DMAc,CgMe-PPh,CsOPiv,,,,,,,,,,,,,,,,,,,,,,,,,,,,,,,,,,,,,,,,,,,,,,,,,,,,,,,,,,,,,,,,,,,,,,,,,,,,,,,,,,,,,,,,,,,,,,,,,,,,,,,,,,,,,,,,,,,,,,,,,,,,,,,,,,,,,,,,,,,,,,,,,,,,,,,,,,,,,,,,,,,,,,,,,,,,,,,,,,,,,,,,,,,,,,,,,,,,,,,,,,,,,,,,,,,,,,,,,,,,,,,,,,,,,,,,,,,,,,,,,,,,,,,,,,,,,,,,,,,,,,,,,,,,,,,,,,,,,,,,,,,,,,,,,,,,,,,,,,,,,,,,,,,,,,,,,,,,,,,,,,,,,,,,,,,,,,,,,,,,,,,,,,,,,,,,,,,,,,,,,,,,,,,,,,,,,,,,,,,,,,,,,,,,,,,,,,,,,,,,,,,,,,,,,,,,,,,,,,,,,,,,,,,,,,,,,,,,,,,,,,,,,,,,,,
Academic,Postdoc,1_5 years,29.16,105,0.1,DMAc,X-Phos,CsOPiv,65.37,105,0.1,DMAc,X-Phos,KOAc,53.63,105,0.1,p-Xylene,X-Phos,CsOPiv,0,105,0.1,DMAc,BrettPhos,CsOPiv,49.4,105,0.1,DMAc,P(fur)3,CsOPiv,8.45,105,0.1,p-Xylene,P(fur)3,KOAc,19.32,105,0.1,p-Xylene,P(fur)3,KOPiv,9.87,105,0.1,BuOAc,P(fur)3,KOAc,5.36,105,0.1,p-Xylene,JackiePhos,KOAc,35.6,105,0.1,p-Xylene,CgMe-PPh,KOAc,36.23,105,0.1,BuOAc,CgMe-PPh,KOPiv,45.01,105,0.1,BuOAc,CgMe-PPh,CsOAc,80.38,105,0.1,DMAc,CgMe-PPh,KOAc,13.11,105,0.1,DMAc,GorlosPhos HBF4,KOAc,41.9,105,0.1,DMAc,P(fur)3,KOAc,78.95,105,0.1,DMAc,tBPh-CPhos,KOAc,0,105,0.1,DMAc,PPhtBu2,KOAc,83.25,105,0.1,DMAc,CgMe-PPh,CsOAc,54.67,105,0.1,BuCN,CgMe-PPh,KOAc,65.69,105,0.1,BuCN,CgMe-PPh,CsOPiv,91.11,105,0.1,DMAc,CgMe-PPh,CsOPiv,5.41,105,0.1,BuCN,tBPh-CPhos,CsOPiv,29.31,105,0.1,DMAc,tBPh-CPhos,CsOAc,7.26,105,0.1,DMAc,PCy3 HBF4,KOAc,75.22,105,0.1,DMAc,JackiePhos,KOAc,91.06,105,0.057,DMAc,CgMe-PPh,CsOPiv,100,105,0.153,DMAc,CgMe-PPh,CsOPiv,75.28,90,0.1,DMAc,CgMe-PPh,CsOPiv,83.85,120,0.1,DMAc,CgMe-PPh,CsOPiv,89.76,105,0.1,DMAc,CgMe-PPh,KOPiv,6.54,105,0.153,DMAc,tBPh-CPhos,CsOPiv,57.33,105,0.153,DMAc,tBPh-CPhos,KOAc,48.86,105,0.153,DMAc,X-Phos,KOAc,68.53,105,0.1,BuCN,X-Phos,CsOPiv,59.92,105,0.1,BuOAc,X-Phos,CsOPiv,83.83,105,0.1,BuCN,X-Phos,CsOAc,56.14,105,0.1,BuCN,X-Phos,KOPiv,47.3,105,0.1,BuCN,X-Phos,KOAc,64.62,105,0.1,BuOAc,X-Phos,KOAc,77.41,105,0.1,DMAc,X-Phos,KOPiv,87.83,105,0.1,DMAc,X-Phos,CsOAc,72.89,105,0.057,BuCN,X-Phos,CsOAc,84.62,105,0.153,BuCN,X-Phos,CsOAc,86.37,90,0.1,BuCN,X-Phos,CsOAc,84.17,120,0.1,BuCN,X-Phos,CsOAc,79.33,90,0.057,DMAc,X-Phos,CsOAc,88.41,120,0.057,DMAc,X-Phos,CsOAc,84.49,120,0.153,DMAc,X-Phos,CsOAc,86.14,90,0.153,DMAc,X-Phos,CsOAc,0,90,0.153,BuCN,X-Phos,CsOAc,72.9,90,0.057,BuCN,X-Phos,CsOAc,84.81,120,0.1,DMAc,X-Phos,CsOAc,89.17,105,0.057,DMAc,X-Phos,CsOAc,62.07,120,0.057,DMAc,X-Phos,KOPiv,7.02,120,0.057,BuOAc,X-Phos,CsOAc,28.64,105,0.1,DMAc,tBPh-CPhos,KOPiv,6.17,105,0.1,BuCN,tBPh-CPhos,KOAc,0,105,0.1,BuOAc,tBPh-CPhos,KOAc,6.39,105,0.1,p-Xylene,tBPh-CPhos,KOAc,28.65,105,0.1,p-Xylene,tBPh-CPhos,CsOPiv,68.71,105,0.057,DMAc,tBPh-CPhos,KOAc,47.03,90,0.1,DMAc,tBPh-CPhos,KOAc,82.09,120,0.1,DMAc,tBPh-CPhos,KOAc,76.59,120,0.153,DMAc,tBPh-CPhos,KOAc,57.27,90,0.057,DMAc,tBPh-CPhos,KOAc,88.89,120,0.057,DMAc,tBPh-CPhos,KOAc,8.85,105,0.1,DMAc,PCy3 HBF4,CsOPiv,0,105,0.1,DMAc,JackiePhos,CsOPiv,40.43,105,0.1,DMAc,GorlosPhos HBF4,CsOPiv,0,105,0.1,DMAc,PPhtBu2,CsOPiv,4.3,105,0.1,DMAc,PPh2Me,CsOPiv,8.23,105,0.1,DMAc,PPh2Me,KOAc,5.47,105,0.1,DMAc,BrettPhos,KOAc,8.23,105,0.1,DMAc,PPh2Me,KOAc,4.3,105,0.1,DMAc,PPh2Me,CsOPiv,52.05,105,0.1,DMAc,PPh3,CsOPiv,28.15,105,0.1,DMAc,PPh3,KOAc,0,105,0.1,DMAc,PPhMe2,KOAc,0,105,0.1,DMAc,PPhMe2,CsOPiv,41,105,0.1,DMAc,JackiePhos,CsOAc,68.35,105,0.1,p-Xylene,CgMe-PPh,CsOAc,32.37,105,0.1,p-Xylene,CgMe-PPh,KOPiv,16.46,105,0.1,p-Xylene,CgMe-PPh,CsOPiv,41.35,105,0.1,BuOAc,CgMe-PPh,KOAc,24,105,0.1,BuOAc,CgMe-PPh,CsOPiv,0.4,90,0.057,p-Xylene,CgMe-PPh,CsOPiv,13.02,90,0.153,p-Xylene,CgMe-PPh,CsOPiv,19.13,120,0.153,p-Xylene,CgMe-PPh,CsOPiv,12.23,120,0.057,p-Xylene,CgMe-PPh,CsOPiv,89.14,120,0.057,DMAc,JackiePhos,KOAc,40.06,105,0.153,DMAc,X-Phos,CsOPiv,30.21,105,0.057,DMAc,X-Phos,CsOPiv,22.94,90,0.1,DMAc,X-Phos,CsOPiv,48.15,120,0.1,DMAc,X-Phos,CsOPiv,38.48,120,0.057,DMAc,X-Phos,CsOPiv,92.19,120,0.153,DMAc,CgMe-PPh,CsOPiv,84.03,90,0.153,DMAc,CgMe-PPh,CsOPiv,13.46,120,0.1,DMAc,JackiePhos,CsOPiv,9.52,105,0.057,DMAc,JackiePhos,CsOPiv,11.26,120,0.057,BuCN,JackiePhos,CsOPiv
Pharma,Med Chemist,1_5 years,28.64,105,0.1,DMAc,tBPh-CPhos,KOPiv,7.62,105,0.1,DMAc,tBPh-CPhos,CsOPiv,45.17,120,0.1,DMAc,GorlosPhos HBF4,CsOPiv,17.43,120,0.1,DMAc,tBPh-CPhos,CsOPiv,68.33,120,0.1,DMAc,tBPh-CPhos,KOPiv,49.17,120,0.1,DMAc,GorlosPhos HBF4,KOPiv,47.58,120,0.1,DMAc,PCy3 HBF4,KOPiv,87.59,120,0.1,DMAc,CgMe-PPh,KOPiv,28.53,120,0.1,DMAc,PPhtBu2,KOPiv,0.26,120,0.1,DMAc,BrettPhos,KOPiv,,,,,,,,,,,,,,,,,,,,,,,,,,,,,,,,,,,,,,,,,,,,,,,,,,,,,,,,,,,,,,,,,,,,,,,,,,,,,,,,,,,,,,,,,,,,,,,,,,,,,,,,,,,,,,,,,,,,,,,,,,,,,,,,,,,,,,,,,,,,,,,,,,,,,,,,,,,,,,,,,,,,,,,,,,,,,,,,,,,,,,,,,,,,,,,,,,,,,,,,,,,,,,,,,,,,,,,,,,,,,,,,,,,,,,,,,,,,,,,,,,,,,,,,,,,,,,,,,,,,,,,,,,,,,,,,,,,,,,,,,,,,,,,,,,,,,,,,,,,,,,,,,,,,,,,,,,,,,,,,,,,,,,,,,,,,,,,,,,,,,,,,,,,,,,,,,,,,,,,,,,,,,,,,,,,,,,,,,,,,,,,,,,,,,,,,,,,,,,,,,,,,,,,,,,,,,,,,,,,,,,,,,,,,,,,,,,,,,,,,,,,,,,,,,,,,,,,,,,,,,,,,,,,,,,,,,,,,,,,,,,,,,,,,,,,,,,,,,,,,,,,,,,,,,,,,,,,,,,,,,,,,,,,,,,,,,,,,,,,,
Academic,Postdoc,1_5 years,27.48,105,0.1,BuOAc,BrettPhos,CsOPiv,59.92,105,0.1,BuOAc,X-Phos,CsOPiv,2.41,105,0.1,BuOAc,JackiePhos,CsOPiv,15.16,105,0.1,BuOAc,tBPh-CPhos,CsOPiv,20.63,105,0.1,BuOAc,GorlosPhos HBF4,CsOPiv,0,105,0.1,BuOAc,PCy3 HBF4,CsOPiv,0,105,0.1,BuOAc,PPhtBu2,CsOPiv,14.51,105,0.1,BuOAc,P(fur)3,CsOPiv,0,105,0.1,BuOAc,PPh2Me,CsOPiv,24,105,0.1,BuOAc,CgMe-PPh,CsOPiv,86.43,105,0.1,BuOAc,X-Phos,CsOAc,48.25,105,0.1,BuOAc,X-Phos,KOPiv,64.62,105,0.1,BuOAc,X-Phos,KOAc,68.53,105,0.1,BuCN,X-Phos,CsOPiv,53.63,105,0.1,p-Xylene,X-Phos,CsOPiv,83.83,105,0.1,BuCN,X-Phos,CsOAc,87.83,105,0.1,DMAc,X-Phos,CsOAc,86.37,90,0.1,BuCN,X-Phos,CsOAc,84.17,120,0.1,BuCN,X-Phos,CsOAc,72.89,105,0.057,BuCN,X-Phos,CsOAc,84.48,105,0.153,DMAc,X-Phos,CsOAc,86.14,90,0.153,DMAc,X-Phos,CsOAc,84.49,120,0.153,DMAc,X-Phos,CsOAc,84.17,90,0.1,DMAc,X-Phos,CsOAc,84.81,120,0.1,DMAc,X-Phos,CsOAc,,,,,,,,,,,,,,,,,,,,,,,,,,,,,,,,,,,,,,,,,,,,,,,,,,,,,,,,,,,,,,,,,,,,,,,,,,,,,,,,,,,,,,,,,,,,,,,,,,,,,,,,,,,,,,,,,,,,,,,,,,,,,,,,,,,,,,,,,,,,,,,,,,,,,,,,,,,,,,,,,,,,,,,,,,,,,,,,,,,,,,,,,,,,,,,,,,,,,,,,,,,,,,,,,,,,,,,,,,,,,,,,,,,,,,,,,,,,,,,,,,,,,,,,,,,,,,,,,,,,,,,,,,,,,,,,,,,,,,,,,,,,,,,,,,,,,,,,,,,,,,,,,,,,,,,,,,,,,,,,,,,,,,,,,,,,,,,,,,,,,,,,,,,,,,,,,,,,,,,,,,,,,,,,,,,,,,,,,,,,,,,,,,,,,,,,,,,,,,,,,,,,,,,,,,,,,,,,,,,,,,,,,,,,,,,,,,,,,,,,,,,,,,,,,,
